<?xml version="1.0" encoding="utf-16"?><SpaPackageImportExportData xmlns:xsd="http://www.w3.org/2001/XMLSchema" xmlns:xsi="http://www.w3.org/2001/XMLSchema-instance" dbversion="8.0"><PackageSummary><SpaPackageIdentity><Id>4D8111B1E3534C3CA5BAB30E2CC7CBEE</Id><Name>Azure Blob Storage package</Name><Version>2</Version></SpaPackageIdentity><Description>Export for the Tungsten Automation marketplace. </Description><CategoryIdentity><Id>83FF849E4D0249D0A574CD6A79A600D8</Id><AutomaticallyPopulate>true</AutomaticallyPopulate><Name>Azure Blob Storage</Name><Description /></CategoryIdentity><LastModifiedDateTime>2024-03-05T20:24:33.263</LastModifiedDateTime><LastModifiedResource><Id>2C90EEF0FEC5474AA18CFC3B931EDF1B</Id><AutomaticallyPopulate>true</AutomaticallyPopulate><Name>Tom Coppock</Name><ResourceType>Worker</ResourceType><EmailAddress /><UserId /><ManagerialLevel>0</ManagerialLevel></LastModifiedResource><Comments /><ResourceAccessTokens><ResourceAccess><ResourceIdentity><Id>7DF43CCDF24611D2804B00104B71BD15</Id><AutomaticallyPopulate>true</AutomaticallyPopulate><Name>Everyone</Name><ResourceType>GroupOfWorkers</ResourceType><EmailAddress /><UserId /><ManagerialLevel>0</ManagerialLevel></ResourceIdentity><AccessType>MaintenanceAccess</AccessType><PermissionType>FullControl</PermissionType></ResourceAccess></ResourceAccessTokens><PermissionType>FullControl</PermissionType><SourceControlStatus>NotInSourceControl</SourceControlStatus><SpaPackageType>Default</SpaPackageType></PackageSummary><Processes><ImportExportPackageSummaryOfProcessIdentity><Identity><Id>EFEF5E115451010FB7D6E6080E8BFF99</Id><AutomaticallyPopulate>true</AutomaticallyPopulate><Version>3</Version><Name>Azure Storage Example</Name></Identity><LastModifiedBy><Id>2C90EEF0FEC5474AA18CFC3B931EDF1B</Id><AutomaticallyPopulate>true</AutomaticallyPopulate><ResourceType>Worker</ResourceType><EmailAddress /><UserId /><ManagerialLevel>0</ManagerialLevel></LastModifiedBy><LastModified>2024-03-05T19:06:54.23</LastModified></ImportExportPackageSummaryOfProcessIdentity></Processes><ProcessExportOption><ExportResources>false</ExportResources><ExportGroupResourceMembers>false</ExportGroupResourceMembers><ExportResourcesExtensions>false</ExportResourcesExtensions><ExportCategories>false</ExportCategories><WithCategoryParentage>false</WithCategoryParentage><GeneralizedExport>false</GeneralizedExport><ExportDotNetReferencesWithPath>true</ExportDotNetReferencesWithPath><ExportCaseFragments>false</ExportCaseFragments><ExportTemplateSkins>true</ExportTemplateSkins><ExportExtractionClassificationData>true</ExportExtractionClassificationData><ExportGlobalDataModels>false</ExportGlobalDataModels><ExportProcessDataModels>false</ExportProcessDataModels><ExportType>CombineAssociatedMaps</ExportType><Version>0</Version><ExportServerVariables>true</ExportServerVariables><PreloadScript>1</PreloadScript><SleepDuration>0</SleepDuration><CategoryIds /><ProcessDocument>false</ProcessDocument><ProcessViewer>false</ProcessViewer><DotNetActivityType>0</DotNetActivityType><Projects /><AllProcessVariables /><ExportOnlyDocumentGroupIdentityDetails>false</ExportOnlyDocumentGroupIdentityDetails><SiteDetailsRequired>false</SiteDetailsRequired><CmisSiteDetailsRequired>false</CmisSiteDetailsRequired><Assets /><PerceptiveSiteDetailsRequired>false</PerceptiveSiteDetailsRequired><IncludeExportConnectorMappings>false</IncludeExportConnectorMappings><IncludeDocumentTypeRetentionPolicy>false</IncludeDocumentTypeRetentionPolicy><IsSpaExport>false</IsSpaExport><ProcessType>BusinessProcess</ProcessType><ProtectedItems /><ExportPageRenditions>false</ExportPageRenditions><ExportReportingTags>false</ExportReportingTags><ExportTestPlans>false</ExportTestPlans><IncludeProcessAssociationsInPackage>false</IncludeProcessAssociationsInPackage><IsGitExport>false</IsGitExport><ExcludeCaptureProjectTrainingSets>false</ExcludeCaptureProjectTrainingSets></ProcessExportOption><WorkAllocationRules /><Skins /><BusinessRules /><CustomServices><ImportExportPackageSummaryOfCustomServiceIdentity><Identity><Id>075ABAF8DAB1454BB462732BAC187CF6</Id><Name>Blob Storage - Get SAS</Name><Version>5</Version><Group><Id>0E05FD112C2C49168FB44C6B61B294FF</Id><Name>Azure Blob Storage</Name></Group></Identity><LastModifiedBy><Id>2C90EEF0FEC5474AA18CFC3B931EDF1B</Id><AutomaticallyPopulate>true</AutomaticallyPopulate><ResourceType>Worker</ResourceType><EmailAddress /><UserId /><ManagerialLevel>0</ManagerialLevel></LastModifiedBy><LastModified>2024-03-05T19:07:46.683</LastModified></ImportExportPackageSummaryOfCustomServiceIdentity><ImportExportPackageSummaryOfCustomServiceIdentity><Identity><Id>09EBD9C23C4D46A2AF0016C396D5777B</Id><Name>Blob Storage - Create Container</Name><Version>8</Version><Group><Id>0E05FD112C2C49168FB44C6B61B294FF</Id><Name>Azure Blob Storage</Name></Group></Identity><LastModifiedBy><Id>2C90EEF0FEC5474AA18CFC3B931EDF1B</Id><AutomaticallyPopulate>true</AutomaticallyPopulate><ResourceType>Worker</ResourceType><EmailAddress /><UserId /><ManagerialLevel>0</ManagerialLevel></LastModifiedBy><LastModified>2024-03-05T19:07:01.7</LastModified></ImportExportPackageSummaryOfCustomServiceIdentity><ImportExportPackageSummaryOfCustomServiceIdentity><Identity><Id>1643DD6F6C9841D38FFD64B38FAA3240</Id><Name>Blob Storage - Delete Container</Name><Version>5</Version><Group><Id>0E05FD112C2C49168FB44C6B61B294FF</Id><Name>Azure Blob Storage</Name></Group></Identity><LastModifiedBy><Id>2C90EEF0FEC5474AA18CFC3B931EDF1B</Id><AutomaticallyPopulate>true</AutomaticallyPopulate><ResourceType>Worker</ResourceType><EmailAddress /><UserId /><ManagerialLevel>0</ManagerialLevel></LastModifiedBy><LastModified>2024-03-05T19:07:24.607</LastModified></ImportExportPackageSummaryOfCustomServiceIdentity><ImportExportPackageSummaryOfCustomServiceIdentity><Identity><Id>1AB8E864032E400D86046E7D93D79C1B</Id><Name>Utility - TA Doc to Base64 String</Name><Version>4</Version><Group><Id>0E05FD112C2C49168FB44C6B61B294FF</Id><Name>Azure Blob Storage</Name></Group></Identity><LastModifiedBy><Id>2C90EEF0FEC5474AA18CFC3B931EDF1B</Id><AutomaticallyPopulate>true</AutomaticallyPopulate><ResourceType>Worker</ResourceType><EmailAddress /><UserId /><ManagerialLevel>0</ManagerialLevel></LastModifiedBy><LastModified>2024-03-05T17:02:28.84</LastModified></ImportExportPackageSummaryOfCustomServiceIdentity><ImportExportPackageSummaryOfCustomServiceIdentity><Identity><Id>1AEC289AE3D64DE0A9FA82682B187767</Id><Name>Blob Storage - CreateUpdate inc metadata</Name><Version>5</Version><Group><Id>0E05FD112C2C49168FB44C6B61B294FF</Id><Name>Azure Blob Storage</Name></Group></Identity><LastModifiedBy><Id>2C90EEF0FEC5474AA18CFC3B931EDF1B</Id><AutomaticallyPopulate>true</AutomaticallyPopulate><ResourceType>Worker</ResourceType><EmailAddress /><UserId /><ManagerialLevel>0</ManagerialLevel></LastModifiedBy><LastModified>2024-03-05T19:07:16.797</LastModified></ImportExportPackageSummaryOfCustomServiceIdentity><ImportExportPackageSummaryOfCustomServiceIdentity><Identity><Id>4FB1463391BD49E6AAE2832118883A68</Id><Name>Blob Storage - List</Name><Version>4</Version><Group><Id>0E05FD112C2C49168FB44C6B61B294FF</Id><Name>Azure Blob Storage</Name></Group></Identity><LastModifiedBy><Id>2C90EEF0FEC5474AA18CFC3B931EDF1B</Id><AutomaticallyPopulate>true</AutomaticallyPopulate><ResourceType>Worker</ResourceType><EmailAddress /><UserId /><ManagerialLevel>0</ManagerialLevel></LastModifiedBy><LastModified>2024-03-05T19:07:53.33</LastModified></ImportExportPackageSummaryOfCustomServiceIdentity><ImportExportPackageSummaryOfCustomServiceIdentity><Identity><Id>A2C8EF6401F448E08B942A0BDE72F247</Id><Name>Utility - Text to Base64</Name><Version>2</Version><Group><Id>0E05FD112C2C49168FB44C6B61B294FF</Id><Name>Azure Blob Storage</Name></Group></Identity><LastModifiedBy><Id>2C90EEF0FEC5474AA18CFC3B931EDF1B</Id><AutomaticallyPopulate>true</AutomaticallyPopulate><ResourceType>Worker</ResourceType><EmailAddress /><UserId /><ManagerialLevel>0</ManagerialLevel></LastModifiedBy><LastModified>2024-03-05T16:52:45.207</LastModified></ImportExportPackageSummaryOfCustomServiceIdentity><ImportExportPackageSummaryOfCustomServiceIdentity><Identity><Id>A80C5ED8B6D546C0BCEC7BBD531197B3</Id><Name>Utility - Create Storage Acc Name</Name><Version>2</Version><Group><Id>0E05FD112C2C49168FB44C6B61B294FF</Id><Name>Azure Blob Storage</Name></Group></Identity><LastModifiedBy><Id>2C90EEF0FEC5474AA18CFC3B931EDF1B</Id><AutomaticallyPopulate>true</AutomaticallyPopulate><ResourceType>Worker</ResourceType><EmailAddress /><UserId /><ManagerialLevel>0</ManagerialLevel></LastModifiedBy><LastModified>2024-03-05T18:36:23.433</LastModified></ImportExportPackageSummaryOfCustomServiceIdentity><ImportExportPackageSummaryOfCustomServiceIdentity><Identity><Id>AA9862BFF68D43D88D34A80BBBFADED2</Id><Name>Blob Storage - Create or Update File</Name><Version>5</Version><Group><Id>0E05FD112C2C49168FB44C6B61B294FF</Id><Name>Azure Blob Storage</Name></Group></Identity><LastModifiedBy><Id>2C90EEF0FEC5474AA18CFC3B931EDF1B</Id><AutomaticallyPopulate>true</AutomaticallyPopulate><ResourceType>Worker</ResourceType><EmailAddress /><UserId /><ManagerialLevel>0</ManagerialLevel></LastModifiedBy><LastModified>2024-03-05T19:07:09.337</LastModified></ImportExportPackageSummaryOfCustomServiceIdentity><ImportExportPackageSummaryOfCustomServiceIdentity><Identity><Id>B6D9FB6BA61D400D8BA5A83EF840CA56</Id><Name>Blob Storage - Get Connection String</Name><Version>5</Version><Group><Id>0E05FD112C2C49168FB44C6B61B294FF</Id><Name>Azure Blob Storage</Name></Group></Identity><LastModifiedBy><Id>2C90EEF0FEC5474AA18CFC3B931EDF1B</Id><AutomaticallyPopulate>true</AutomaticallyPopulate><ResourceType>Worker</ResourceType><EmailAddress /><UserId /><ManagerialLevel>0</ManagerialLevel></LastModifiedBy><LastModified>2024-03-05T19:07:40.183</LastModified></ImportExportPackageSummaryOfCustomServiceIdentity><ImportExportPackageSummaryOfCustomServiceIdentity><Identity><Id>CD2CAE51DE0149BD8433AB7D9BDC6F4A</Id><Name>Blob Storage - Read File</Name><Version>8</Version><Group><Id>0E05FD112C2C49168FB44C6B61B294FF</Id><Name>Azure Blob Storage</Name></Group></Identity><LastModifiedBy><Id>2C90EEF0FEC5474AA18CFC3B931EDF1B</Id><AutomaticallyPopulate>true</AutomaticallyPopulate><ResourceType>Worker</ResourceType><EmailAddress /><UserId /><ManagerialLevel>0</ManagerialLevel></LastModifiedBy><LastModified>2024-03-05T19:29:48.353</LastModified></ImportExportPackageSummaryOfCustomServiceIdentity><ImportExportPackageSummaryOfCustomServiceIdentity><Identity><Id>D98B2C2B52274E689F091A92DAEC4B78</Id><Name>Utility - Escape JSON</Name><Version>3</Version><Group><Id>0E05FD112C2C49168FB44C6B61B294FF</Id><Name>Azure Blob Storage</Name></Group></Identity><LastModifiedBy><Id>2C90EEF0FEC5474AA18CFC3B931EDF1B</Id><AutomaticallyPopulate>true</AutomaticallyPopulate><ResourceType>Worker</ResourceType><EmailAddress /><UserId /><ManagerialLevel>0</ManagerialLevel></LastModifiedBy><LastModified>2024-03-05T17:04:04.09</LastModified></ImportExportPackageSummaryOfCustomServiceIdentity><ImportExportPackageSummaryOfCustomServiceIdentity><Identity><Id>F1C0777E41EE401EA133C09C83183E50</Id><Name>Blob Storage - Delete File</Name><Version>5</Version><Group><Id>0E05FD112C2C49168FB44C6B61B294FF</Id><Name>Azure Blob Storage</Name></Group></Identity><LastModifiedBy><Id>2C90EEF0FEC5474AA18CFC3B931EDF1B</Id><AutomaticallyPopulate>true</AutomaticallyPopulate><ResourceType>Worker</ResourceType><EmailAddress /><UserId /><ManagerialLevel>0</ManagerialLevel></LastModifiedBy><LastModified>2024-03-05T19:07:32.67</LastModified></ImportExportPackageSummaryOfCustomServiceIdentity></CustomServices><CustomServiceGroups><ImportExportPackageSummaryOfCustomServiceGroupIdentity><Identity><Id>0E05FD112C2C49168FB44C6B61B294FF</Id><Name>Azure Blob Storage</Name></Identity><LastModifiedBy><Id>2C90EEF0FEC5474AA18CFC3B931EDF1B</Id><AutomaticallyPopulate>true</AutomaticallyPopulate><ResourceType>Worker</ResourceType><EmailAddress /><UserId /><ManagerialLevel>0</ManagerialLevel></LastModifiedBy><LastModified>2024-03-01T15:52:29.107</LastModified></ImportExportPackageSummaryOfCustomServiceGroupIdentity></CustomServiceGroups><Assets><ImportExportPackageSummaryOfAssetIdentity><Identity><Id>9AC53790240B455BA13DFF333B491F3C</Id><Name>manage_blue@7.14x_50x50.png</Name><AssetType>Image</AssetType><AutomaticallyPopulate>true</AutomaticallyPopulate><StorageId>1</StorageId></Identity><LastModifiedBy><Id /><AutomaticallyPopulate>true</AutomaticallyPopulate><ResourceType>Worker</ResourceType><EmailAddress /><UserId /><ManagerialLevel>0</ManagerialLevel></LastModifiedBy><LastModified>2023-06-09T08:44:28.553</LastModified></ImportExportPackageSummaryOfAssetIdentity><ImportExportPackageSummaryOfAssetIdentity><Identity><Id>2467BF63A2634505BB10DF641C7CF4CA</Id><Name>create_update_file.png</Name><AssetType>Image</AssetType><AutomaticallyPopulate>true</AutomaticallyPopulate><StorageId>1</StorageId></Identity><LastModifiedBy><Id /><AutomaticallyPopulate>true</AutomaticallyPopulate><ResourceType>Worker</ResourceType><EmailAddress /><UserId /><ManagerialLevel>0</ManagerialLevel></LastModifiedBy><LastModified>2024-03-01T17:25:15.403</LastModified></ImportExportPackageSummaryOfAssetIdentity><ImportExportPackageSummaryOfAssetIdentity><Identity><Id>0B54C2940C55403DB5EBE29E17EC1363</Id><Name>create_container.png</Name><AssetType>Image</AssetType><AutomaticallyPopulate>true</AutomaticallyPopulate><StorageId>1</StorageId></Identity><LastModifiedBy><Id /><AutomaticallyPopulate>true</AutomaticallyPopulate><ResourceType>Worker</ResourceType><EmailAddress /><UserId /><ManagerialLevel>0</ManagerialLevel></LastModifiedBy><LastModified>2024-03-01T17:25:15.387</LastModified></ImportExportPackageSummaryOfAssetIdentity><ImportExportPackageSummaryOfAssetIdentity><Identity><Id>D43FE727933B422785DBDA30E47B29E8</Id><Name>delete_container.png</Name><AssetType>Image</AssetType><AutomaticallyPopulate>true</AutomaticallyPopulate><StorageId>1</StorageId></Identity><LastModifiedBy><Id /><AutomaticallyPopulate>true</AutomaticallyPopulate><ResourceType>Worker</ResourceType><EmailAddress /><UserId /><ManagerialLevel>0</ManagerialLevel></LastModifiedBy><LastModified>2024-03-01T17:25:15.417</LastModified></ImportExportPackageSummaryOfAssetIdentity><ImportExportPackageSummaryOfAssetIdentity><Identity><Id>893CF503116D4181A72157E2868F6BAC</Id><Name>delete_file.png</Name><AssetType>Image</AssetType><AutomaticallyPopulate>true</AutomaticallyPopulate><StorageId>1</StorageId></Identity><LastModifiedBy><Id /><AutomaticallyPopulate>true</AutomaticallyPopulate><ResourceType>Worker</ResourceType><EmailAddress /><UserId /><ManagerialLevel>0</ManagerialLevel></LastModifiedBy><LastModified>2024-03-01T17:25:15.343</LastModified></ImportExportPackageSummaryOfAssetIdentity><ImportExportPackageSummaryOfAssetIdentity><Identity><Id>F21D83ACB3D84E5085C82B6B5CF3F4CB</Id><Name>connection_string.png</Name><AssetType>Image</AssetType><AutomaticallyPopulate>true</AutomaticallyPopulate><StorageId>1</StorageId></Identity><LastModifiedBy><Id /><AutomaticallyPopulate>true</AutomaticallyPopulate><ResourceType>Worker</ResourceType><EmailAddress /><UserId /><ManagerialLevel>0</ManagerialLevel></LastModifiedBy><LastModified>2024-03-01T17:25:15.343</LastModified></ImportExportPackageSummaryOfAssetIdentity><ImportExportPackageSummaryOfAssetIdentity><Identity><Id>FD03390B6BF5439798540EF902B1F626</Id><Name>sas.png</Name><AssetType>Image</AssetType><AutomaticallyPopulate>true</AutomaticallyPopulate><StorageId>1</StorageId></Identity><LastModifiedBy><Id /><AutomaticallyPopulate>true</AutomaticallyPopulate><ResourceType>Worker</ResourceType><EmailAddress /><UserId /><ManagerialLevel>0</ManagerialLevel></LastModifiedBy><LastModified>2024-03-01T17:25:16.15</LastModified></ImportExportPackageSummaryOfAssetIdentity><ImportExportPackageSummaryOfAssetIdentity><Identity><Id>3661F713164B48B3AA584E1F5BA0A177</Id><Name>list_container.png</Name><AssetType>Image</AssetType><AutomaticallyPopulate>true</AutomaticallyPopulate><StorageId>1</StorageId></Identity><LastModifiedBy><Id /><AutomaticallyPopulate>true</AutomaticallyPopulate><ResourceType>Worker</ResourceType><EmailAddress /><UserId /><ManagerialLevel>0</ManagerialLevel></LastModifiedBy><LastModified>2024-03-01T17:25:15.53</LastModified></ImportExportPackageSummaryOfAssetIdentity><ImportExportPackageSummaryOfAssetIdentity><Identity><Id>9D8456306E704A2AA993AC2963D20561</Id><Name>read_file.png</Name><AssetType>Image</AssetType><AutomaticallyPopulate>true</AutomaticallyPopulate><StorageId>1</StorageId></Identity><LastModifiedBy><Id /><AutomaticallyPopulate>true</AutomaticallyPopulate><ResourceType>Worker</ResourceType><EmailAddress /><UserId /><ManagerialLevel>0</ManagerialLevel></LastModifiedBy><LastModified>2024-03-01T17:25:16.14</LastModified></ImportExportPackageSummaryOfAssetIdentity><ImportExportPackageSummaryOfAssetIdentity><Identity><Id>34CEE138DC794DF4A76589866EAC6653</Id><Name>accounts_payables_blue@7.14x_50x50.png</Name><AssetType>Image</AssetType><AutomaticallyPopulate>true</AutomaticallyPopulate><StorageId>1</StorageId></Identity><LastModifiedBy><Id /><AutomaticallyPopulate>true</AutomaticallyPopulate><ResourceType>Worker</ResourceType><EmailAddress /><UserId /><ManagerialLevel>0</ManagerialLevel></LastModifiedBy><LastModified>2023-06-09T08:44:24.013</LastModified></ImportExportPackageSummaryOfAssetIdentity></Assets><Forms><ImportExportPackageSummaryOfFormIdentity><Identity><Id>274E7652E19B4639A6E87323BC0B5EE4</Id><AutomaticallyPopulate>false</AutomaticallyPopulate><Name>Azure Storage Browser Example</Name><Version>82</Version></Identity><LastModifiedBy><Id>2C90EEF0FEC5474AA18CFC3B931EDF1B</Id><AutomaticallyPopulate>false</AutomaticallyPopulate><ResourceType>Worker</ResourceType><EmailAddress /><UserId /><ManagerialLevel>0</ManagerialLevel></LastModifiedBy><LastModified>2024-03-05T19:50:20.83</LastModified></ImportExportPackageSummaryOfFormIdentity></Forms><FormExportOptions><ExportHeader>false</ExportHeader><ExportNavigation>false</ExportNavigation><ExportGlobalVariables>false</ExportGlobalVariables><ExportWebServices>false</ExportWebServices><ExportBusinessRules>false</ExportBusinessRules><ExportSecurityTokens>false</ExportSecurityTokens><ExportSecurityRoles>false</ExportSecurityRoles><ExportRoleMembers>false</ExportRoleMembers><IsSpaExport>false</IsSpaExport></FormExportOptions><Navigations /><DeviceSettings /><Sites /><Themes /><Languages /><Lookups /><Resources /><Entities /><WorkTypes /><Checklists /><Folders /><ExtractionGroups /><ClassificationGroups /><Formatters /><FieldValidators /><ChecklistItems /><Events /><Targets /><Alerts /><AlertExportOption><ExportAssociatedProcess>false</ExportAssociatedProcess></AlertExportOption><Categories><ImportExportPackageSummaryOfCategoryIdentity><Identity><Id>83FF849E4D0249D0A574CD6A79A600D8</Id><AutomaticallyPopulate>true</AutomaticallyPopulate><Name>Azure Blob Storage</Name><Description /></Identity><LastModifiedBy><Id>2C90EEF0FEC5474AA18CFC3B931EDF1B</Id><AutomaticallyPopulate>true</AutomaticallyPopulate><ResourceType>Worker</ResourceType><EmailAddress /><UserId /><ManagerialLevel>0</ManagerialLevel></LastModifiedBy><LastModified>2024-03-01T15:00:45.357</LastModified></ImportExportPackageSummaryOfCategoryIdentity></Categories><ScanVrsProfiles /><SeparationProfiles /><BarcodePatchcodeProfiles /><PdfGenerationProfiles /><DocConversionProfiles /><JobSchedules /><CaptureControlLayouts /><RegularExpressions /><Personas /><ServerVariables /><ServerVariablesCollection><ImportExportPackageSummaryOfVariable><Identity><VariableType>System</VariableType><Value xsi:type="xsd:string" /><Identity><Id>SPP_SYSTEM_SESSION_ID</Id><Version>0</Version><OwnerId /><DisplayName>SPP_SYSTEM_SESSION_ID</DisplayName><Name /></Identity><Dynamic>true</Dynamic><Category><Id>FBCB88103B4D414FAE8E38058F46CCF4</Id><AutomaticallyPopulate>true</AutomaticallyPopulate><Name /><Description /></Category><Grouping><Identity><Id>4FEE4E069417475DAC5D2C2E5C95CA49</Id></Identity><Variables /></Grouping><UseInSkin>false</UseInSkin><Found>false</Found><IsSecure>false</IsSecure><VariableScope>Process</VariableScope><IsDateExpression>false</IsDateExpression><DerivedExpression /><ErrorCodeMappingType>Static</ErrorCodeMappingType><VariableDisplayProperties><VariableIdentity><Id /><Version>0</Version><OwnerId /><DisplayName /><Name /></VariableIdentity><StringVariableDisplayProperties><VariableControlType>Singleline</VariableControlType><MaxNumberOfCharacters>0</MaxNumberOfCharacters><LookupIdentity /><StaticData /><Mandatory>false</Mandatory></StringVariableDisplayProperties><MinDate xsi:nil="true" /><MaxDate xsi:nil="true" /><DecimalPrecision>0</DecimalPrecision><ShowTime>false</ShowTime></VariableDisplayProperties><VariableAccessScope>Public</VariableAccessScope><IsResourceExpression>false</IsResourceExpression><IsDataObjectField>false</IsDataObjectField><IsDataObjectFieldOfTypeObject>false</IsDataObjectFieldOfTypeObject><BaseVariableType>System</BaseVariableType><BaseVariableId /></Identity><LastModifiedBy><Id /><AutomaticallyPopulate>true</AutomaticallyPopulate><ResourceType>Worker</ResourceType><EmailAddress /><UserId /><ManagerialLevel>0</ManagerialLevel></LastModifiedBy><LastModified>0001-01-01T00:00:00</LastModified></ImportExportPackageSummaryOfVariable><ImportExportPackageSummaryOfVariable><Identity><VariableType>String</VariableType><Value xsi:type="xsd:string" /><Identity><Id>AZURE_STORAGE_ACCOUNT_KEY</Id><Version>0</Version><OwnerId /><DisplayName>azure_storage_account_key</DisplayName><Name /></Identity><Dynamic>false</Dynamic><Category><Id>83FF849E4D0249D0A574CD6A79A600D8</Id><AutomaticallyPopulate>true</AutomaticallyPopulate><Name /><Description /></Category><Grouping><Identity><Id>4FEE4E069417475DAC5D2C2E5C95CA49</Id></Identity><Variables /></Grouping><UseInSkin>false</UseInSkin><Found>false</Found><IsSecure>true</IsSecure><VariableScope>Process</VariableScope><IsDateExpression>false</IsDateExpression><DerivedExpression /><ErrorCodeMappingType>Static</ErrorCodeMappingType><VariableDisplayProperties><VariableIdentity><Id /><Version>0</Version><OwnerId /><DisplayName /><Name /></VariableIdentity><StringVariableDisplayProperties><VariableControlType>Singleline</VariableControlType><MaxNumberOfCharacters>0</MaxNumberOfCharacters><LookupIdentity /><StaticData /><Mandatory>false</Mandatory></StringVariableDisplayProperties><MinDate xsi:nil="true" /><MaxDate xsi:nil="true" /><DecimalPrecision>0</DecimalPrecision><ShowTime>false</ShowTime></VariableDisplayProperties><VariableAccessScope>Public</VariableAccessScope><IsResourceExpression>false</IsResourceExpression><IsDataObjectField>false</IsDataObjectField><IsDataObjectFieldOfTypeObject>false</IsDataObjectFieldOfTypeObject><BaseVariableType>String</BaseVariableType><BaseVariableId /></Identity><LastModifiedBy><Id /><AutomaticallyPopulate>true</AutomaticallyPopulate><ResourceType>Worker</ResourceType><EmailAddress /><UserId /><ManagerialLevel>0</ManagerialLevel></LastModifiedBy><LastModified>0001-01-01T00:00:00</LastModified></ImportExportPackageSummaryOfVariable><ImportExportPackageSummaryOfVariable><Identity><VariableType>String</VariableType><Value xsi:type="xsd:string">sewstorage</Value><Identity><Id>AZURE_STORAGE_ACCOUNT_NAME</Id><Version>0</Version><OwnerId /><DisplayName>azure_storage_account_name</DisplayName><Name /></Identity><Dynamic>false</Dynamic><Category><Id>83FF849E4D0249D0A574CD6A79A600D8</Id><AutomaticallyPopulate>true</AutomaticallyPopulate><Name /><Description /></Category><Grouping><Identity><Id>4FEE4E069417475DAC5D2C2E5C95CA49</Id></Identity><Variables /></Grouping><UseInSkin>false</UseInSkin><Found>false</Found><IsSecure>false</IsSecure><VariableScope>Process</VariableScope><IsDateExpression>false</IsDateExpression><DerivedExpression /><ErrorCodeMappingType>Static</ErrorCodeMappingType><VariableDisplayProperties><VariableIdentity><Id /><Version>0</Version><OwnerId /><DisplayName /><Name /></VariableIdentity><StringVariableDisplayProperties><VariableControlType>Singleline</VariableControlType><MaxNumberOfCharacters>0</MaxNumberOfCharacters><LookupIdentity /><StaticData /><Mandatory>false</Mandatory></StringVariableDisplayProperties><MinDate xsi:nil="true" /><MaxDate xsi:nil="true" /><DecimalPrecision>0</DecimalPrecision><ShowTime>false</ShowTime></VariableDisplayProperties><VariableAccessScope>Public</VariableAccessScope><IsResourceExpression>false</IsResourceExpression><IsDataObjectField>false</IsDataObjectField><IsDataObjectFieldOfTypeObject>false</IsDataObjectFieldOfTypeObject><BaseVariableType>String</BaseVariableType><BaseVariableId /></Identity><LastModifiedBy><Id /><AutomaticallyPopulate>true</AutomaticallyPopulate><ResourceType>Worker</ResourceType><EmailAddress /><UserId /><ManagerialLevel>0</ManagerialLevel></LastModifiedBy><LastModified>0001-01-01T00:00:00</LastModified></ImportExportPackageSummaryOfVariable><ImportExportPackageSummaryOfVariable><Identity><VariableType>String</VariableType><Value xsi:type="xsd:string" /><Identity><Id>FUNCTION_CODE</Id><Version>0</Version><OwnerId /><DisplayName>function_code</DisplayName><Name /></Identity><Dynamic>false</Dynamic><Category><Id>83FF849E4D0249D0A574CD6A79A600D8</Id><AutomaticallyPopulate>true</AutomaticallyPopulate><Name /><Description /></Category><Grouping><Identity><Id>4FEE4E069417475DAC5D2C2E5C95CA49</Id></Identity><Variables /></Grouping><UseInSkin>false</UseInSkin><Found>false</Found><IsSecure>true</IsSecure><VariableScope>Process</VariableScope><IsDateExpression>false</IsDateExpression><DerivedExpression /><ErrorCodeMappingType>Static</ErrorCodeMappingType><VariableDisplayProperties><VariableIdentity><Id /><Version>0</Version><OwnerId /><DisplayName /><Name /></VariableIdentity><StringVariableDisplayProperties><VariableControlType>Singleline</VariableControlType><MaxNumberOfCharacters>0</MaxNumberOfCharacters><LookupIdentity /><StaticData /><Mandatory>false</Mandatory></StringVariableDisplayProperties><MinDate xsi:nil="true" /><MaxDate xsi:nil="true" /><DecimalPrecision>0</DecimalPrecision><ShowTime>false</ShowTime></VariableDisplayProperties><VariableAccessScope>Public</VariableAccessScope><IsResourceExpression>false</IsResourceExpression><IsDataObjectField>false</IsDataObjectField><IsDataObjectFieldOfTypeObject>false</IsDataObjectFieldOfTypeObject><BaseVariableType>String</BaseVariableType><BaseVariableId /></Identity><LastModifiedBy><Id /><AutomaticallyPopulate>true</AutomaticallyPopulate><ResourceType>Worker</ResourceType><EmailAddress /><UserId /><ManagerialLevel>0</ManagerialLevel></LastModifiedBy><LastModified>0001-01-01T00:00:00</LastModified></ImportExportPackageSummaryOfVariable></ServerVariablesCollection><ThreadPools><ImportExportPackageSummaryOfThreadPoolIdentity><Identity><Id>0</Id><Name>Standard-Threadpool</Name></Identity><LastModifiedBy><Id /><AutomaticallyPopulate>true</AutomaticallyPopulate><ResourceType>Worker</ResourceType><EmailAddress /><UserId /><ManagerialLevel>0</ManagerialLevel></LastModifiedBy><LastModified>0001-01-01T00:00:00</LastModified></ImportExportPackageSummaryOfThreadPoolIdentity><ImportExportPackageSummaryOfThreadPoolIdentity><Identity><Id>2</Id><Name>Pool de thread par défaut</Name></Identity><LastModifiedBy><Id /><AutomaticallyPopulate>true</AutomaticallyPopulate><ResourceType>Worker</ResourceType><EmailAddress /><UserId /><ManagerialLevel>0</ManagerialLevel></LastModifiedBy><LastModified>0001-01-01T00:00:00</LastModified></ImportExportPackageSummaryOfThreadPoolIdentity></ThreadPools><Tags /><GlobalVariables /><GlobalVariablesCollection /><ServerXmlExpressionVariables /><DotNetReferences /><MiscellaneousFiles /><Queries /><FormTemplates /><Localisations /><Packages /><ExportConnectorDeploymentProperties /><ShowProcessAssociations>false</ShowProcessAssociations><ShowFormAssociations>false</ShowFormAssociations><SystemExportOptions><IncludeNoteTypes>false</IncludeNoteTypes><IncludeHotKeys>false</IncludeHotKeys><IncludePageRenditions>false</IncludePageRenditions><IncludeNodeColors>false</IncludeNodeColors><IncludeReportingTags>false</IncludeReportingTags><IncludeErrorCodes>false</IncludeErrorCodes></SystemExportOptions><ShowCategoryAssociations>false</ShowCategoryAssociations><Version><Major>7</Major><Minor>3</Minor><Build>1</Build><Revision>0</Revision></Version><DocumentTypeVariants /><ProtectAllItems>false</ProtectAllItems><ProtectedItems /><IncludeRoleMembers>false</IncludeRoleMembers><IncludeDevices>false</IncludeDevices><IncludeDeviceProfiles>false</IncludeDeviceProfiles><IncludeDeviceSettings>false</IncludeDeviceSettings><ExportConnectorMappings>false</ExportConnectorMappings><WebServices><ImportExportPackageSummaryOfWebService><Identity><WebServiceIdentity><Id>7A16F0F6BBC44628BF71074D51ED6A3B</Id><AutomaticallyPopulate>true</AutomaticallyPopulate><Name>Blob Storage Helper</Name><LatestProxyDllName /></WebServiceIdentity><CategoryIdentity><Id>83FF849E4D0249D0A574CD6A79A600D8</Id><AutomaticallyPopulate>true</AutomaticallyPopulate><Name /><Description /></CategoryIdentity><ProxyDllName /><WebServiceSettings>&lt;?xml version="1.0" encoding="utf-16"?&gt;
&lt;WebServiceSettingsEntity xmlns:xsd="http://www.w3.org/2001/XMLSchema" xmlns:xsi="http://www.w3.org/2001/XMLSchema-instance"&gt;
  &lt;UserName /&gt;
  &lt;Password /&gt;
  &lt;WcfEnabled&gt;false&lt;/WcfEnabled&gt;
  &lt;RestfulWebService&gt;true&lt;/RestfulWebService&gt;
  &lt;EndPointUrl /&gt;
  &lt;HttpHeaders /&gt;
  &lt;OpenAPIEnabled&gt;false&lt;/OpenAPIEnabled&gt;
  &lt;UseClientCertificate&gt;false&lt;/UseClientCertificate&gt;
  &lt;ClientCertificate&gt;
    &lt;CertificateChanged&gt;false&lt;/CertificateChanged&gt;
    &lt;PasswordChanged&gt;false&lt;/PasswordChanged&gt;
  &lt;/ClientCertificate&gt;
  &lt;CredentialsExternalStorage&gt;false&lt;/CredentialsExternalStorage&gt;
  &lt;CredentialsSecretNameVars&gt;
    &lt;JobVariable&gt;
      &lt;Id&gt;UserNameSecret&lt;/Id&gt;
      &lt;VariableType&gt;String&lt;/VariableType&gt;
      &lt;Value xsi:type="xsd:string" /&gt;
      &lt;Version&gt;0&lt;/Version&gt;
      &lt;ChangeStatus&gt;Unchanged&lt;/ChangeStatus&gt;
      &lt;VariableCategory&gt;VariableNotFound&lt;/VariableCategory&gt;
      &lt;Dynamic&gt;false&lt;/Dynamic&gt;
      &lt;DisplayName&gt;User name secret&lt;/DisplayName&gt;
      &lt;VariableDisplayProperties&gt;
        &lt;VariableIdentity&gt;
          &lt;Id /&gt;
          &lt;Version&gt;0&lt;/Version&gt;
          &lt;OwnerId /&gt;
          &lt;DisplayName /&gt;
          &lt;Name /&gt;
        &lt;/VariableIdentity&gt;
        &lt;StringVariableDisplayProperties&gt;
          &lt;VariableControlType&gt;Singleline&lt;/VariableControlType&gt;
          &lt;MaxNumberOfCharacters&gt;0&lt;/MaxNumberOfCharacters&gt;
          &lt;LookupIdentity /&gt;
          &lt;StaticData /&gt;
          &lt;Mandatory&gt;false&lt;/Mandatory&gt;
        &lt;/StringVariableDisplayProperties&gt;
        &lt;MinDate xsi:nil="true" /&gt;
        &lt;MaxDate xsi:nil="true" /&gt;
        &lt;DecimalPrecision&gt;0&lt;/DecimalPrecision&gt;
        &lt;ShowTime&gt;false&lt;/ShowTime&gt;
      &lt;/VariableDisplayProperties&gt;
      &lt;DataModelIdentity&gt;
        &lt;Id /&gt;
        &lt;Version&gt;0&lt;/Version&gt;
        &lt;Name /&gt;
      &lt;/DataModelIdentity&gt;
      &lt;BaseVariableType&gt;Empty&lt;/BaseVariableType&gt;
    &lt;/JobVariable&gt;
    &lt;JobVariable&gt;
      &lt;Id&gt;PasswordSecret&lt;/Id&gt;
      &lt;VariableType&gt;String&lt;/VariableType&gt;
      &lt;Value xsi:type="xsd:string" /&gt;
      &lt;Version&gt;0&lt;/Version&gt;
      &lt;ChangeStatus&gt;Unchanged&lt;/ChangeStatus&gt;
      &lt;VariableCategory&gt;VariableNotFound&lt;/VariableCategory&gt;
      &lt;Dynamic&gt;false&lt;/Dynamic&gt;
      &lt;DisplayName&gt;Password secret&lt;/DisplayName&gt;
      &lt;VariableDisplayProperties&gt;
        &lt;VariableIdentity&gt;
          &lt;Id /&gt;
          &lt;Version&gt;0&lt;/Version&gt;
          &lt;OwnerId /&gt;
          &lt;DisplayName /&gt;
          &lt;Name /&gt;
        &lt;/VariableIdentity&gt;
        &lt;StringVariableDisplayProperties&gt;
          &lt;VariableControlType&gt;Singleline&lt;/VariableControlType&gt;
          &lt;MaxNumberOfCharacters&gt;0&lt;/MaxNumberOfCharacters&gt;
          &lt;LookupIdentity /&gt;
          &lt;StaticData /&gt;
          &lt;Mandatory&gt;false&lt;/Mandatory&gt;
        &lt;/StringVariableDisplayProperties&gt;
        &lt;MinDate xsi:nil="true" /&gt;
        &lt;MaxDate xsi:nil="true" /&gt;
        &lt;DecimalPrecision&gt;0&lt;/DecimalPrecision&gt;
        &lt;ShowTime&gt;false&lt;/ShowTime&gt;
      &lt;/VariableDisplayProperties&gt;
      &lt;DataModelIdentity&gt;
        &lt;Id /&gt;
        &lt;Version&gt;0&lt;/Version&gt;
        &lt;Name /&gt;
      &lt;/DataModelIdentity&gt;
      &lt;BaseVariableType&gt;Empty&lt;/BaseVariableType&gt;
    &lt;/JobVariable&gt;
  &lt;/CredentialsSecretNameVars&gt;
  &lt;PasswordChanged&gt;false&lt;/PasswordChanged&gt;
&lt;/WebServiceSettingsEntity&gt;</WebServiceSettings><LastModifiedDate>0001-01-01T00:00:00</LastModifiedDate><OverwriteExisting>false</OverwriteExisting><WebServiceSettingsEntity><UserName /><Password /><WcfEnabled>false</WcfEnabled><RestfulWebService>true</RestfulWebService><EndPointUrl /><HttpHeaders /><OpenAPIEnabled>false</OpenAPIEnabled><UseClientCertificate>false</UseClientCertificate><ClientCertificate><CertificateChanged>false</CertificateChanged><PasswordChanged>false</PasswordChanged></ClientCertificate><CredentialsExternalStorage>false</CredentialsExternalStorage><CredentialsSecretNameVars><JobVariable><Id>UserNameSecret</Id><VariableType>String</VariableType><Value xsi:type="xsd:string" /><Version>0</Version><ChangeStatus>Unchanged</ChangeStatus><VariableCategory>VariableNotFound</VariableCategory><Dynamic>false</Dynamic><DisplayName>User name secret</DisplayName><VariableDisplayProperties><VariableIdentity><Id /><Version>0</Version><OwnerId /><DisplayName /><Name /></VariableIdentity><StringVariableDisplayProperties><VariableControlType>Singleline</VariableControlType><MaxNumberOfCharacters>0</MaxNumberOfCharacters><LookupIdentity /><StaticData /><Mandatory>false</Mandatory></StringVariableDisplayProperties><MinDate xsi:nil="true" /><MaxDate xsi:nil="true" /><DecimalPrecision>0</DecimalPrecision><ShowTime>false</ShowTime></VariableDisplayProperties><DataModelIdentity><Id /><Version>0</Version><Name /></DataModelIdentity><BaseVariableType>Empty</BaseVariableType></JobVariable><JobVariable><Id>PasswordSecret</Id><VariableType>String</VariableType><Value xsi:type="xsd:string" /><Version>0</Version><ChangeStatus>Unchanged</ChangeStatus><VariableCategory>VariableNotFound</VariableCategory><Dynamic>false</Dynamic><DisplayName>Password secret</DisplayName><VariableDisplayProperties><VariableIdentity><Id /><Version>0</Version><OwnerId /><DisplayName /><Name /></VariableIdentity><StringVariableDisplayProperties><VariableControlType>Singleline</VariableControlType><MaxNumberOfCharacters>0</MaxNumberOfCharacters><LookupIdentity /><StaticData /><Mandatory>false</Mandatory></StringVariableDisplayProperties><MinDate xsi:nil="true" /><MaxDate xsi:nil="true" /><DecimalPrecision>0</DecimalPrecision><ShowTime>false</ShowTime></VariableDisplayProperties><DataModelIdentity><Id /><Version>0</Version><Name /></DataModelIdentity><BaseVariableType>Empty</BaseVariableType></JobVariable></CredentialsSecretNameVars><PasswordChanged>false</PasswordChanged></WebServiceSettingsEntity><ServiceUrl>https://sew-blobstoragehelper.azurewebsites.net/api/blobstoragehelper</ServiceUrl></Identity><LastModifiedBy><Id /><AutomaticallyPopulate>true</AutomaticallyPopulate><ResourceType>Worker</ResourceType><EmailAddress /><UserId /><ManagerialLevel>0</ManagerialLevel></LastModifiedBy><LastModified>0001-01-01T00:00:00</LastModified></ImportExportPackageSummaryOfWebService></WebServices><ImportConnections /><ImportSources /><OAuthServers /><CaptureSolution><Id /><Name /><Version>0</Version><Description /><DocumentLanguage /><CategoryIdentity><Id /><AutomaticallyPopulate>true</AutomaticallyPopulate><Name /><Description /></CategoryIdentity><LastModified>2024-03-05T20:24:56.0162044+00:00</LastModified><LockedBy><Id /><AutomaticallyPopulate>true</AutomaticallyPopulate><Name /><ResourceType>Worker</ResourceType><EmailAddress /><UserId /><ManagerialLevel>0</ManagerialLevel></LockedBy><ProcessIdentity><Id /><AutomaticallyPopulate>true</AutomaticallyPopulate><Version>0</Version><Name /></ProcessIdentity><ClassificationGroupIdentity><Id /><AutomaticallyPopulate>true</AutomaticallyPopulate><Version>0</Version><Name /></ClassificationGroupIdentity><GenerateMFPForms>false</GenerateMFPForms><ScanCNJFormLink /><ExpectedSolutionDuration>0</ExpectedSolutionDuration><UploadedDocsFolderId /><DownloadImagesAndData>false</DownloadImagesAndData><DeleteDocumentsWhenJobComplete>false</DeleteDocumentsWhenJobComplete><TrainingRequired>false</TrainingRequired><DownloadZipResources /><SeparationProfileIdentity /><MaintenanceAccessTokens /><FunctionalAccessResources /><ResourcePermissionType>FullControl</ResourcePermissionType><PackageId /></CaptureSolution><DataModels><ImportExportPackageSummaryOfDataModelIdentity><Identity><Id>36C2F0C945B9E78186B109A50207E17E</Id><Version>4</Version><Name>Blob Storage Helper Response Data Model</Name></Identity><LastModifiedBy><Id>2C90EEF0FEC5474AA18CFC3B931EDF1B</Id><AutomaticallyPopulate>true</AutomaticallyPopulate><ResourceType>Worker</ResourceType><EmailAddress /><UserId /><ManagerialLevel>0</ManagerialLevel></LastModifiedBy><LastModified>2024-03-01T15:50:55.877</LastModified></ImportExportPackageSummaryOfDataModelIdentity><ImportExportPackageSummaryOfDataModelIdentity><Identity><Id>CE3A08349D724327EBA7205093C891D8</Id><Version>5</Version><Name>Blob Storage Helper Request Data Model</Name></Identity><LastModifiedBy><Id>2C90EEF0FEC5474AA18CFC3B931EDF1B</Id><AutomaticallyPopulate>true</AutomaticallyPopulate><ResourceType>Worker</ResourceType><EmailAddress /><UserId /><ManagerialLevel>0</ManagerialLevel></LastModifiedBy><LastModified>2024-03-05T19:06:43.293</LastModified></ImportExportPackageSummaryOfDataModelIdentity></DataModels><QuickApp><Id /><Name /><Version>0</Version><AppType>QuickWorkflow</AppType></QuickApp><QuickAppType>QuickWorkflow</QuickAppType><QuickAppLastModified>0001-01-01T00:00:00</QuickAppLastModified><PackageItemAssociations><PackageItemAssociation><Id>83FF849E4D0249D0A574CD6A79A600D8</Id><Name /><ItemType>28</ItemType><AssociatedItems /></PackageItemAssociation><PackageItemAssociation><Id>CE3A08349D724327EBA7205093C891D8</Id><Name /><ItemType>44</ItemType><AssociatedItems><AssociatedItem><Id>83FF849E4D0249D0A574CD6A79A600D8</Id><ItemType>28</ItemType><Name>Azure Blob Storage</Name></AssociatedItem><AssociatedItem><Id>CE3A08349D724327EBA7205093C891D8</Id><ItemType>44</ItemType><Name /></AssociatedItem></AssociatedItems></PackageItemAssociation><PackageItemAssociation><Id>36C2F0C945B9E78186B109A50207E17E</Id><Name /><ItemType>44</ItemType><AssociatedItems><AssociatedItem><Id>83FF849E4D0249D0A574CD6A79A600D8</Id><ItemType>28</ItemType><Name>Azure Blob Storage</Name></AssociatedItem><AssociatedItem><Id>36C2F0C945B9E78186B109A50207E17E</Id><ItemType>44</ItemType><Name /></AssociatedItem></AssociatedItems></PackageItemAssociation><PackageItemAssociation><Id>EFEF5E115451010FB7D6E6080E8BFF99</Id><Name /><ItemType>0</ItemType><AssociatedItems><AssociatedItem><Id>9AC53790240B455BA13DFF333B491F3C</Id><ItemType>3</ItemType><Name>manage_blue@7.14x_50x50.png</Name></AssociatedItem><AssociatedItem><Id>2467BF63A2634505BB10DF641C7CF4CA</Id><ItemType>3</ItemType><Name>create_update_file.png</Name></AssociatedItem><AssociatedItem><Id>83FF849E4D0249D0A574CD6A79A600D8</Id><ItemType>28</ItemType><Name>Azure Blob Storage</Name></AssociatedItem><AssociatedItem><Id>A2C8EF6401F448E08B942A0BDE72F247</Id><ItemType>39</ItemType><Name>Utility - Text to Base64</Name></AssociatedItem><AssociatedItem><Id>AA9862BFF68D43D88D34A80BBBFADED2</Id><ItemType>39</ItemType><Name>Blob Storage - Create or Update File</Name></AssociatedItem><AssociatedItem><Id>36C2F0C945B9E78186B109A50207E17E</Id><ItemType>44</ItemType><Name>Blob Storage Helper Response Data Model</Name></AssociatedItem><AssociatedItem><Id>CE3A08349D724327EBA7205093C891D8</Id><ItemType>44</ItemType><Name>Blob Storage Helper Request Data Model</Name></AssociatedItem><AssociatedItem><Id>EFEF5E115451010FB7D6E6080E8BFF99</Id><ItemType>0</ItemType><Name>Azure Storage Example</Name></AssociatedItem><AssociatedItem><Id>SPP_SYSTEM_SESSION_ID</Id><ItemType>35</ItemType><Name /></AssociatedItem><AssociatedItem><Id>AZURE_STORAGE_ACCOUNT_KEY</Id><ItemType>35</ItemType><Name /></AssociatedItem><AssociatedItem><Id>AZURE_STORAGE_ACCOUNT_NAME</Id><ItemType>35</ItemType><Name /></AssociatedItem><AssociatedItem><Id>FUNCTION_CODE</Id><ItemType>35</ItemType><Name /></AssociatedItem></AssociatedItems></PackageItemAssociation><PackageItemAssociation><Id>A2C8EF6401F448E08B942A0BDE72F247</Id><Name /><ItemType>39</ItemType><AssociatedItems><AssociatedItem><Id>0E05FD112C2C49168FB44C6B61B294FF</Id><ItemType>40</ItemType><Name>Azure Blob Storage</Name></AssociatedItem><AssociatedItem><Id>A2C8EF6401F448E08B942A0BDE72F247</Id><ItemType>39</ItemType><Name>Utility - Text to Base64</Name></AssociatedItem></AssociatedItems></PackageItemAssociation><PackageItemAssociation><Id>AA9862BFF68D43D88D34A80BBBFADED2</Id><Name /><ItemType>39</ItemType><AssociatedItems><AssociatedItem><Id>0E05FD112C2C49168FB44C6B61B294FF</Id><ItemType>40</ItemType><Name>Azure Blob Storage</Name></AssociatedItem><AssociatedItem><Id>AA9862BFF68D43D88D34A80BBBFADED2</Id><ItemType>39</ItemType><Name>Blob Storage - Create or Update File</Name></AssociatedItem></AssociatedItems></PackageItemAssociation><PackageItemAssociation><Id>09EBD9C23C4D46A2AF0016C396D5777B</Id><Name /><ItemType>39</ItemType><AssociatedItems><AssociatedItem><Id>0B54C2940C55403DB5EBE29E17EC1363</Id><ItemType>3</ItemType><Name>create_container.png</Name></AssociatedItem><AssociatedItem><Id>83FF849E4D0249D0A574CD6A79A600D8</Id><ItemType>28</ItemType><Name>Azure Blob Storage</Name></AssociatedItem><AssociatedItem><Id>0E05FD112C2C49168FB44C6B61B294FF</Id><ItemType>40</ItemType><Name>Azure Blob Storage</Name></AssociatedItem><AssociatedItem><Id>09EBD9C23C4D46A2AF0016C396D5777B</Id><ItemType>39</ItemType><Name>Blob Storage - Create Container</Name></AssociatedItem><AssociatedItem><Id>36C2F0C945B9E78186B109A50207E17E</Id><ItemType>44</ItemType><Name>Blob Storage Helper Response Data Model</Name></AssociatedItem><AssociatedItem><Id>CE3A08349D724327EBA7205093C891D8</Id><ItemType>44</ItemType><Name>Blob Storage Helper Request Data Model</Name></AssociatedItem><AssociatedItem><Id>AZURE_STORAGE_ACCOUNT_KEY</Id><ItemType>35</ItemType><Name /></AssociatedItem><AssociatedItem><Id>AZURE_STORAGE_ACCOUNT_NAME</Id><ItemType>35</ItemType><Name /></AssociatedItem><AssociatedItem><Id>FUNCTION_CODE</Id><ItemType>35</ItemType><Name /></AssociatedItem><AssociatedItem><Id>SPP_SYSTEM_SESSION_ID</Id><ItemType>35</ItemType><Name /></AssociatedItem></AssociatedItems></PackageItemAssociation><PackageItemAssociation><Id>1AEC289AE3D64DE0A9FA82682B187767</Id><Name /><ItemType>39</ItemType><AssociatedItems><AssociatedItem><Id>2467BF63A2634505BB10DF641C7CF4CA</Id><ItemType>3</ItemType><Name>create_update_file.png</Name></AssociatedItem><AssociatedItem><Id>83FF849E4D0249D0A574CD6A79A600D8</Id><ItemType>28</ItemType><Name>Azure Blob Storage</Name></AssociatedItem><AssociatedItem><Id>0E05FD112C2C49168FB44C6B61B294FF</Id><ItemType>40</ItemType><Name>Azure Blob Storage</Name></AssociatedItem><AssociatedItem><Id>1AEC289AE3D64DE0A9FA82682B187767</Id><ItemType>39</ItemType><Name>Blob Storage - CreateUpdate inc metadata</Name></AssociatedItem><AssociatedItem><Id>36C2F0C945B9E78186B109A50207E17E</Id><ItemType>44</ItemType><Name>Blob Storage Helper Response Data Model</Name></AssociatedItem><AssociatedItem><Id>CE3A08349D724327EBA7205093C891D8</Id><ItemType>44</ItemType><Name>Blob Storage Helper Request Data Model</Name></AssociatedItem><AssociatedItem><Id>AZURE_STORAGE_ACCOUNT_KEY</Id><ItemType>35</ItemType><Name /></AssociatedItem><AssociatedItem><Id>AZURE_STORAGE_ACCOUNT_NAME</Id><ItemType>35</ItemType><Name /></AssociatedItem><AssociatedItem><Id>FUNCTION_CODE</Id><ItemType>35</ItemType><Name /></AssociatedItem><AssociatedItem><Id>SPP_SYSTEM_SESSION_ID</Id><ItemType>35</ItemType><Name /></AssociatedItem></AssociatedItems></PackageItemAssociation><PackageItemAssociation><Id>1643DD6F6C9841D38FFD64B38FAA3240</Id><Name /><ItemType>39</ItemType><AssociatedItems><AssociatedItem><Id>D43FE727933B422785DBDA30E47B29E8</Id><ItemType>3</ItemType><Name>delete_container.png</Name></AssociatedItem><AssociatedItem><Id>83FF849E4D0249D0A574CD6A79A600D8</Id><ItemType>28</ItemType><Name>Azure Blob Storage</Name></AssociatedItem><AssociatedItem><Id>0E05FD112C2C49168FB44C6B61B294FF</Id><ItemType>40</ItemType><Name>Azure Blob Storage</Name></AssociatedItem><AssociatedItem><Id>1643DD6F6C9841D38FFD64B38FAA3240</Id><ItemType>39</ItemType><Name>Blob Storage - Delete Container</Name></AssociatedItem><AssociatedItem><Id>36C2F0C945B9E78186B109A50207E17E</Id><ItemType>44</ItemType><Name>Blob Storage Helper Response Data Model</Name></AssociatedItem><AssociatedItem><Id>CE3A08349D724327EBA7205093C891D8</Id><ItemType>44</ItemType><Name>Blob Storage Helper Request Data Model</Name></AssociatedItem><AssociatedItem><Id>FUNCTION_CODE</Id><ItemType>35</ItemType><Name /></AssociatedItem><AssociatedItem><Id>SPP_SYSTEM_SESSION_ID</Id><ItemType>35</ItemType><Name /></AssociatedItem><AssociatedItem><Id>AZURE_STORAGE_ACCOUNT_KEY</Id><ItemType>35</ItemType><Name /></AssociatedItem><AssociatedItem><Id>AZURE_STORAGE_ACCOUNT_NAME</Id><ItemType>35</ItemType><Name /></AssociatedItem></AssociatedItems></PackageItemAssociation><PackageItemAssociation><Id>F1C0777E41EE401EA133C09C83183E50</Id><Name /><ItemType>39</ItemType><AssociatedItems><AssociatedItem><Id>893CF503116D4181A72157E2868F6BAC</Id><ItemType>3</ItemType><Name>delete_file.png</Name></AssociatedItem><AssociatedItem><Id>83FF849E4D0249D0A574CD6A79A600D8</Id><ItemType>28</ItemType><Name>Azure Blob Storage</Name></AssociatedItem><AssociatedItem><Id>0E05FD112C2C49168FB44C6B61B294FF</Id><ItemType>40</ItemType><Name>Azure Blob Storage</Name></AssociatedItem><AssociatedItem><Id>F1C0777E41EE401EA133C09C83183E50</Id><ItemType>39</ItemType><Name>Blob Storage - Delete File</Name></AssociatedItem><AssociatedItem><Id>36C2F0C945B9E78186B109A50207E17E</Id><ItemType>44</ItemType><Name>Blob Storage Helper Response Data Model</Name></AssociatedItem><AssociatedItem><Id>CE3A08349D724327EBA7205093C891D8</Id><ItemType>44</ItemType><Name>Blob Storage Helper Request Data Model</Name></AssociatedItem><AssociatedItem><Id>AZURE_STORAGE_ACCOUNT_KEY</Id><ItemType>35</ItemType><Name /></AssociatedItem><AssociatedItem><Id>AZURE_STORAGE_ACCOUNT_NAME</Id><ItemType>35</ItemType><Name /></AssociatedItem><AssociatedItem><Id>FUNCTION_CODE</Id><ItemType>35</ItemType><Name /></AssociatedItem><AssociatedItem><Id>SPP_SYSTEM_SESSION_ID</Id><ItemType>35</ItemType><Name /></AssociatedItem></AssociatedItems></PackageItemAssociation><PackageItemAssociation><Id>B6D9FB6BA61D400D8BA5A83EF840CA56</Id><Name /><ItemType>39</ItemType><AssociatedItems><AssociatedItem><Id>F21D83ACB3D84E5085C82B6B5CF3F4CB</Id><ItemType>3</ItemType><Name>connection_string.png</Name></AssociatedItem><AssociatedItem><Id>83FF849E4D0249D0A574CD6A79A600D8</Id><ItemType>28</ItemType><Name>Azure Blob Storage</Name></AssociatedItem><AssociatedItem><Id>0E05FD112C2C49168FB44C6B61B294FF</Id><ItemType>40</ItemType><Name>Azure Blob Storage</Name></AssociatedItem><AssociatedItem><Id>B6D9FB6BA61D400D8BA5A83EF840CA56</Id><ItemType>39</ItemType><Name>Blob Storage - Get Connection String</Name></AssociatedItem><AssociatedItem><Id>36C2F0C945B9E78186B109A50207E17E</Id><ItemType>44</ItemType><Name>Blob Storage Helper Response Data Model</Name></AssociatedItem><AssociatedItem><Id>CE3A08349D724327EBA7205093C891D8</Id><ItemType>44</ItemType><Name>Blob Storage Helper Request Data Model</Name></AssociatedItem><AssociatedItem><Id>AZURE_STORAGE_ACCOUNT_KEY</Id><ItemType>35</ItemType><Name /></AssociatedItem><AssociatedItem><Id>AZURE_STORAGE_ACCOUNT_NAME</Id><ItemType>35</ItemType><Name /></AssociatedItem><AssociatedItem><Id>FUNCTION_CODE</Id><ItemType>35</ItemType><Name /></AssociatedItem><AssociatedItem><Id>SPP_SYSTEM_SESSION_ID</Id><ItemType>35</ItemType><Name /></AssociatedItem></AssociatedItems></PackageItemAssociation><PackageItemAssociation><Id>075ABAF8DAB1454BB462732BAC187CF6</Id><Name /><ItemType>39</ItemType><AssociatedItems><AssociatedItem><Id>FD03390B6BF5439798540EF902B1F626</Id><ItemType>3</ItemType><Name>sas.png</Name></AssociatedItem><AssociatedItem><Id>83FF849E4D0249D0A574CD6A79A600D8</Id><ItemType>28</ItemType><Name>Azure Blob Storage</Name></AssociatedItem><AssociatedItem><Id>0E05FD112C2C49168FB44C6B61B294FF</Id><ItemType>40</ItemType><Name>Azure Blob Storage</Name></AssociatedItem><AssociatedItem><Id>075ABAF8DAB1454BB462732BAC187CF6</Id><ItemType>39</ItemType><Name>Blob Storage - Get SAS</Name></AssociatedItem><AssociatedItem><Id>36C2F0C945B9E78186B109A50207E17E</Id><ItemType>44</ItemType><Name>Blob Storage Helper Response Data Model</Name></AssociatedItem><AssociatedItem><Id>CE3A08349D724327EBA7205093C891D8</Id><ItemType>44</ItemType><Name>Blob Storage Helper Request Data Model</Name></AssociatedItem><AssociatedItem><Id>AZURE_STORAGE_ACCOUNT_KEY</Id><ItemType>35</ItemType><Name /></AssociatedItem><AssociatedItem><Id>AZURE_STORAGE_ACCOUNT_NAME</Id><ItemType>35</ItemType><Name /></AssociatedItem><AssociatedItem><Id>FUNCTION_CODE</Id><ItemType>35</ItemType><Name /></AssociatedItem><AssociatedItem><Id>SPP_SYSTEM_SESSION_ID</Id><ItemType>35</ItemType><Name /></AssociatedItem></AssociatedItems></PackageItemAssociation><PackageItemAssociation><Id>4FB1463391BD49E6AAE2832118883A68</Id><Name /><ItemType>39</ItemType><AssociatedItems><AssociatedItem><Id>3661F713164B48B3AA584E1F5BA0A177</Id><ItemType>3</ItemType><Name>list_container.png</Name></AssociatedItem><AssociatedItem><Id>83FF849E4D0249D0A574CD6A79A600D8</Id><ItemType>28</ItemType><Name>Azure Blob Storage</Name></AssociatedItem><AssociatedItem><Id>0E05FD112C2C49168FB44C6B61B294FF</Id><ItemType>40</ItemType><Name>Azure Blob Storage</Name></AssociatedItem><AssociatedItem><Id>4FB1463391BD49E6AAE2832118883A68</Id><ItemType>39</ItemType><Name>Blob Storage - List</Name></AssociatedItem><AssociatedItem><Id>36C2F0C945B9E78186B109A50207E17E</Id><ItemType>44</ItemType><Name>Blob Storage Helper Response Data Model</Name></AssociatedItem><AssociatedItem><Id>CE3A08349D724327EBA7205093C891D8</Id><ItemType>44</ItemType><Name>Blob Storage Helper Request Data Model</Name></AssociatedItem><AssociatedItem><Id>AZURE_STORAGE_ACCOUNT_KEY</Id><ItemType>35</ItemType><Name /></AssociatedItem><AssociatedItem><Id>AZURE_STORAGE_ACCOUNT_NAME</Id><ItemType>35</ItemType><Name /></AssociatedItem><AssociatedItem><Id>FUNCTION_CODE</Id><ItemType>35</ItemType><Name /></AssociatedItem><AssociatedItem><Id>SPP_SYSTEM_SESSION_ID</Id><ItemType>35</ItemType><Name /></AssociatedItem></AssociatedItems></PackageItemAssociation><PackageItemAssociation><Id>CD2CAE51DE0149BD8433AB7D9BDC6F4A</Id><Name /><ItemType>39</ItemType><AssociatedItems><AssociatedItem><Id>9D8456306E704A2AA993AC2963D20561</Id><ItemType>3</ItemType><Name>read_file.png</Name></AssociatedItem><AssociatedItem><Id>83FF849E4D0249D0A574CD6A79A600D8</Id><ItemType>28</ItemType><Name>Azure Blob Storage</Name></AssociatedItem><AssociatedItem><Id>0E05FD112C2C49168FB44C6B61B294FF</Id><ItemType>40</ItemType><Name>Azure Blob Storage</Name></AssociatedItem><AssociatedItem><Id>CD2CAE51DE0149BD8433AB7D9BDC6F4A</Id><ItemType>39</ItemType><Name>Blob Storage - Read File</Name></AssociatedItem><AssociatedItem><Id>36C2F0C945B9E78186B109A50207E17E</Id><ItemType>44</ItemType><Name>Blob Storage Helper Response Data Model</Name></AssociatedItem><AssociatedItem><Id>CE3A08349D724327EBA7205093C891D8</Id><ItemType>44</ItemType><Name>Blob Storage Helper Request Data Model</Name></AssociatedItem><AssociatedItem><Id>FUNCTION_CODE</Id><ItemType>35</ItemType><Name /></AssociatedItem><AssociatedItem><Id>SPP_SYSTEM_SESSION_ID</Id><ItemType>35</ItemType><Name /></AssociatedItem><AssociatedItem><Id>AZURE_STORAGE_ACCOUNT_KEY</Id><ItemType>35</ItemType><Name /></AssociatedItem><AssociatedItem><Id>AZURE_STORAGE_ACCOUNT_NAME</Id><ItemType>35</ItemType><Name /></AssociatedItem></AssociatedItems></PackageItemAssociation><PackageItemAssociation><Id>A80C5ED8B6D546C0BCEC7BBD531197B3</Id><Name /><ItemType>39</ItemType><AssociatedItems><AssociatedItem><Id>83FF849E4D0249D0A574CD6A79A600D8</Id><ItemType>28</ItemType><Name>Azure Blob Storage</Name></AssociatedItem><AssociatedItem><Id>0E05FD112C2C49168FB44C6B61B294FF</Id><ItemType>40</ItemType><Name>Azure Blob Storage</Name></AssociatedItem><AssociatedItem><Id>A80C5ED8B6D546C0BCEC7BBD531197B3</Id><ItemType>39</ItemType><Name>Utility - Create Storage Acc Name</Name></AssociatedItem></AssociatedItems></PackageItemAssociation><PackageItemAssociation><Id>D98B2C2B52274E689F091A92DAEC4B78</Id><Name /><ItemType>39</ItemType><AssociatedItems><AssociatedItem><Id>34CEE138DC794DF4A76589866EAC6653</Id><ItemType>3</ItemType><Name>accounts_payables_blue@7.14x_50x50.png</Name></AssociatedItem><AssociatedItem><Id>83FF849E4D0249D0A574CD6A79A600D8</Id><ItemType>28</ItemType><Name>Azure Blob Storage</Name></AssociatedItem><AssociatedItem><Id>0E05FD112C2C49168FB44C6B61B294FF</Id><ItemType>40</ItemType><Name>Azure Blob Storage</Name></AssociatedItem><AssociatedItem><Id>D98B2C2B52274E689F091A92DAEC4B78</Id><ItemType>39</ItemType><Name>Utility - Escape JSON</Name></AssociatedItem></AssociatedItems></PackageItemAssociation><PackageItemAssociation><Id>1AB8E864032E400D86046E7D93D79C1B</Id><Name /><ItemType>39</ItemType><AssociatedItems><AssociatedItem><Id>9AC53790240B455BA13DFF333B491F3C</Id><ItemType>3</ItemType><Name>manage_blue@7.14x_50x50.png</Name></AssociatedItem><AssociatedItem><Id>83FF849E4D0249D0A574CD6A79A600D8</Id><ItemType>28</ItemType><Name>Azure Blob Storage</Name></AssociatedItem><AssociatedItem><Id>0E05FD112C2C49168FB44C6B61B294FF</Id><ItemType>40</ItemType><Name>Azure Blob Storage</Name></AssociatedItem><AssociatedItem><Id>1AB8E864032E400D86046E7D93D79C1B</Id><ItemType>39</ItemType><Name>Utility - TA Doc to Base64 String</Name></AssociatedItem></AssociatedItems></PackageItemAssociation><PackageItemAssociation><Id>274E7652E19B4639A6E87323BC0B5EE4</Id><Name /><ItemType>6</ItemType><AssociatedItems><AssociatedItem><Id>83FF849E4D0249D0A574CD6A79A600D8</Id><ItemType>28</ItemType><Name>Azure Blob Storage</Name></AssociatedItem><AssociatedItem><Id>0E05FD112C2C49168FB44C6B61B294FF</Id><ItemType>40</ItemType><Name>Azure Blob Storage</Name></AssociatedItem><AssociatedItem><Id>09EBD9C23C4D46A2AF0016C396D5777B</Id><ItemType>39</ItemType><Name>Blob Storage - Create Container</Name></AssociatedItem><AssociatedItem><Id>4FB1463391BD49E6AAE2832118883A68</Id><ItemType>39</ItemType><Name>Blob Storage - List</Name></AssociatedItem><AssociatedItem><Id>AA9862BFF68D43D88D34A80BBBFADED2</Id><ItemType>39</ItemType><Name>Blob Storage - Create or Update File</Name></AssociatedItem><AssociatedItem><Id>A80C5ED8B6D546C0BCEC7BBD531197B3</Id><ItemType>39</ItemType><Name>Utility - Create Storage Acc Name</Name></AssociatedItem><AssociatedItem><Id>CD2CAE51DE0149BD8433AB7D9BDC6F4A</Id><ItemType>39</ItemType><Name>Blob Storage - Read File</Name></AssociatedItem><AssociatedItem><Id>F1C0777E41EE401EA133C09C83183E50</Id><ItemType>39</ItemType><Name>Blob Storage - Delete File</Name></AssociatedItem><AssociatedItem><Id>36C2F0C945B9E78186B109A50207E17E</Id><ItemType>44</ItemType><Name>Blob Storage Helper Response Data Model</Name></AssociatedItem><AssociatedItem><Id>161F8F818093437482D2886B7B6756BB</Id><ItemType>36</ItemType><Name>SESSION_ID</Name></AssociatedItem><AssociatedItem><Id>E6C90ACEAF974035B52AFE50012F84D6</Id><ItemType>36</ItemType><Name>RESOURCE_NAME</Name></AssociatedItem><AssociatedItem><Id>8B7E6695B91A9EE99FCC232BDBB638D5</Id><ItemType>36</ItemType><Name>azure_storage_account_name</Name></AssociatedItem><AssociatedItem><Id>274E7652E19B4639A6E87323BC0B5EE4</Id><ItemType>6</ItemType><Name>Azure Storage Browser Example</Name></AssociatedItem></AssociatedItems></PackageItemAssociation><PackageItemAssociation><Id>0E05FD112C2C49168FB44C6B61B294FF</Id><Name /><ItemType>40</ItemType><AssociatedItems><AssociatedItem><Id>0E05FD112C2C49168FB44C6B61B294FF</Id><ItemType>40</ItemType><Name>Azure Blob Storage</Name></AssociatedItem></AssociatedItems></PackageItemAssociation></PackageItemAssociations><CurrencyCodes /></SpaPackageImportExportData>