<?xml version="1.0" encoding="utf-16"?>
<ArrayOfDataModel xmlns:xsd="http://www.w3.org/2001/XMLSchema" xmlns:xsi="http://www.w3.org/2001/XMLSchema-instance">
  <DataModel>
    <Identity>
      <Id>36C2F0C945B9E78186B109A50207E17E</Id>
      <Version>4</Version>
      <Name>Blob Storage Helper Response Data Model</Name>
    </Identity>
    <Category>
      <Id>83FF849E4D0249D0A574CD6A79A600D8</Id>
      <AutomaticallyPopulate>true</AutomaticallyPopulate>
      <Name />
      <Description />
    </Category>
    <Data>
      <Fields>
        <DataModelField>
          <Identity>
            <Id>9F6F6309B1C1409CAC95E56A5200D1CC</Id>
            <Name>error</Name>
            <DisplayName>error</DisplayName>
          </Identity>
          <Type>Text</Type>
          <DefaultValue xsi:type="xsd:string" />
          <SubFields />
          <IsUnnamed>false</IsUnnamed>
          <Scope>Public</Scope>
          <DecimalPrecision>0</DecimalPrecision>
          <FieldDisplayProperties>
            <VariableIdentity>
              <Id>9F6F6309B1C1409CAC95E56A5200D1CC</Id>
              <Version>0</Version>
              <OwnerId />
              <DisplayName />
              <Name />
            </VariableIdentity>
            <StringVariableDisplayProperties>
              <VariableControlType>Singleline</VariableControlType>
              <MaxNumberOfCharacters>10000</MaxNumberOfCharacters>
              <LookupIdentity />
              <StaticData />
              <Mandatory>false</Mandatory>
            </StringVariableDisplayProperties>
            <MinDate xsi:nil="true" />
            <MaxDate xsi:nil="true" />
            <DecimalPrecision>0</DecimalPrecision>
            <ShowTime>false</ShowTime>
          </FieldDisplayProperties>
          <IsDefaultValueNull>false</IsDefaultValueNull>
        </DataModelField>
        <DataModelField>
          <Identity>
            <Id>7E0E28A586384C019564BB29C2BBCE39</Id>
            <Name>debug</Name>
            <DisplayName>debug</DisplayName>
          </Identity>
          <Type>Text</Type>
          <DefaultValue xsi:type="xsd:string" />
          <SubFields />
          <IsUnnamed>false</IsUnnamed>
          <Scope>Public</Scope>
          <DecimalPrecision>0</DecimalPrecision>
          <FieldDisplayProperties>
            <VariableIdentity>
              <Id>7E0E28A586384C019564BB29C2BBCE39</Id>
              <Version>0</Version>
              <OwnerId />
              <DisplayName />
              <Name />
            </VariableIdentity>
            <StringVariableDisplayProperties>
              <VariableControlType>Singleline</VariableControlType>
              <MaxNumberOfCharacters>10000</MaxNumberOfCharacters>
              <LookupIdentity />
              <StaticData />
              <Mandatory>false</Mandatory>
            </StringVariableDisplayProperties>
            <MinDate xsi:nil="true" />
            <MaxDate xsi:nil="true" />
            <DecimalPrecision>0</DecimalPrecision>
            <ShowTime>false</ShowTime>
          </FieldDisplayProperties>
          <IsDefaultValueNull>false</IsDefaultValueNull>
        </DataModelField>
        <DataModelField>
          <Identity>
            <Id>AA53365D1BA548209B0D8B01F65EEC78</Id>
            <Name>action</Name>
            <DisplayName>action</DisplayName>
          </Identity>
          <Type>Text</Type>
          <DefaultValue xsi:type="xsd:string" />
          <SubFields />
          <IsUnnamed>false</IsUnnamed>
          <Scope>Public</Scope>
          <DecimalPrecision>0</DecimalPrecision>
          <FieldDisplayProperties>
            <VariableIdentity>
              <Id>AA53365D1BA548209B0D8B01F65EEC78</Id>
              <Version>0</Version>
              <OwnerId />
              <DisplayName />
              <Name />
            </VariableIdentity>
            <StringVariableDisplayProperties>
              <VariableControlType>Singleline</VariableControlType>
              <MaxNumberOfCharacters>10000</MaxNumberOfCharacters>
              <LookupIdentity />
              <StaticData />
              <Mandatory>false</Mandatory>
            </StringVariableDisplayProperties>
            <MinDate xsi:nil="true" />
            <MaxDate xsi:nil="true" />
            <DecimalPrecision>0</DecimalPrecision>
            <ShowTime>false</ShowTime>
          </FieldDisplayProperties>
          <IsDefaultValueNull>false</IsDefaultValueNull>
        </DataModelField>
        <DataModelField>
          <Identity>
            <Id>93F43861FC9C416BA9BF474D2331F1CF</Id>
            <Name>fileName</Name>
            <DisplayName>fileName</DisplayName>
          </Identity>
          <Type>Text</Type>
          <DefaultValue xsi:type="xsd:string" />
          <SubFields />
          <IsUnnamed>false</IsUnnamed>
          <Scope>Public</Scope>
          <DecimalPrecision>0</DecimalPrecision>
          <FieldDisplayProperties>
            <VariableIdentity>
              <Id>93F43861FC9C416BA9BF474D2331F1CF</Id>
              <Version>0</Version>
              <OwnerId />
              <DisplayName />
              <Name />
            </VariableIdentity>
            <StringVariableDisplayProperties>
              <VariableControlType>Singleline</VariableControlType>
              <MaxNumberOfCharacters>10000</MaxNumberOfCharacters>
              <LookupIdentity />
              <StaticData />
              <Mandatory>false</Mandatory>
            </StringVariableDisplayProperties>
            <MinDate xsi:nil="true" />
            <MaxDate xsi:nil="true" />
            <DecimalPrecision>0</DecimalPrecision>
            <ShowTime>false</ShowTime>
          </FieldDisplayProperties>
          <IsDefaultValueNull>false</IsDefaultValueNull>
        </DataModelField>
        <DataModelField>
          <Identity>
            <Id>854EDDE6EBFE4981A23FE3631594E780</Id>
            <Name>fileAsBase64</Name>
            <DisplayName>fileAsBase64</DisplayName>
          </Identity>
          <Type>Text</Type>
          <DefaultValue xsi:type="xsd:string" />
          <SubFields />
          <IsUnnamed>false</IsUnnamed>
          <Scope>Public</Scope>
          <DecimalPrecision>0</DecimalPrecision>
          <FieldDisplayProperties>
            <VariableIdentity>
              <Id>854EDDE6EBFE4981A23FE3631594E780</Id>
              <Version>0</Version>
              <OwnerId />
              <DisplayName />
              <Name />
            </VariableIdentity>
            <StringVariableDisplayProperties>
              <VariableControlType>Singleline</VariableControlType>
              <MaxNumberOfCharacters>10000</MaxNumberOfCharacters>
              <LookupIdentity />
              <StaticData />
              <Mandatory>false</Mandatory>
            </StringVariableDisplayProperties>
            <MinDate xsi:nil="true" />
            <MaxDate xsi:nil="true" />
            <DecimalPrecision>0</DecimalPrecision>
            <ShowTime>false</ShowTime>
          </FieldDisplayProperties>
          <IsDefaultValueNull>false</IsDefaultValueNull>
        </DataModelField>
        <DataModelField>
          <Identity>
            <Id>FA3F2AC6E26E4C4DA2D7162E7ACDABEF</Id>
            <Name>connectionString</Name>
            <DisplayName>connectionString</DisplayName>
          </Identity>
          <Type>Text</Type>
          <DefaultValue xsi:type="xsd:string" />
          <SubFields />
          <IsUnnamed>false</IsUnnamed>
          <Scope>Public</Scope>
          <DecimalPrecision>0</DecimalPrecision>
          <FieldDisplayProperties>
            <VariableIdentity>
              <Id>FA3F2AC6E26E4C4DA2D7162E7ACDABEF</Id>
              <Version>0</Version>
              <OwnerId />
              <DisplayName />
              <Name />
            </VariableIdentity>
            <StringVariableDisplayProperties>
              <VariableControlType>Singleline</VariableControlType>
              <MaxNumberOfCharacters>10000</MaxNumberOfCharacters>
              <LookupIdentity />
              <StaticData />
              <Mandatory>false</Mandatory>
            </StringVariableDisplayProperties>
            <MinDate xsi:nil="true" />
            <MaxDate xsi:nil="true" />
            <DecimalPrecision>0</DecimalPrecision>
            <ShowTime>false</ShowTime>
          </FieldDisplayProperties>
          <IsDefaultValueNull>false</IsDefaultValueNull>
        </DataModelField>
        <DataModelField>
          <Identity>
            <Id>BCFB3D6477F4470CA184AE44176AA203</Id>
            <Name>containerName</Name>
            <DisplayName>containerName</DisplayName>
          </Identity>
          <Type>Text</Type>
          <DefaultValue xsi:type="xsd:string" />
          <SubFields />
          <IsUnnamed>false</IsUnnamed>
          <Scope>Public</Scope>
          <DecimalPrecision>0</DecimalPrecision>
          <FieldDisplayProperties>
            <VariableIdentity>
              <Id>BCFB3D6477F4470CA184AE44176AA203</Id>
              <Version>0</Version>
              <OwnerId />
              <DisplayName />
              <Name />
            </VariableIdentity>
            <StringVariableDisplayProperties>
              <VariableControlType>Singleline</VariableControlType>
              <MaxNumberOfCharacters>10000</MaxNumberOfCharacters>
              <LookupIdentity />
              <StaticData />
              <Mandatory>false</Mandatory>
            </StringVariableDisplayProperties>
            <MinDate xsi:nil="true" />
            <MaxDate xsi:nil="true" />
            <DecimalPrecision>0</DecimalPrecision>
            <ShowTime>false</ShowTime>
          </FieldDisplayProperties>
          <IsDefaultValueNull>false</IsDefaultValueNull>
        </DataModelField>
        <DataModelField>
          <Identity>
            <Id>90CE359F2D7F4029AB597042A9B99D92</Id>
            <Name>sasToken</Name>
            <DisplayName>sasToken</DisplayName>
          </Identity>
          <Type>Text</Type>
          <DefaultValue xsi:type="xsd:string" />
          <SubFields />
          <IsUnnamed>false</IsUnnamed>
          <Scope>Public</Scope>
          <DecimalPrecision>0</DecimalPrecision>
          <FieldDisplayProperties>
            <VariableIdentity>
              <Id>90CE359F2D7F4029AB597042A9B99D92</Id>
              <Version>0</Version>
              <OwnerId />
              <DisplayName />
              <Name />
            </VariableIdentity>
            <StringVariableDisplayProperties>
              <VariableControlType>Singleline</VariableControlType>
              <MaxNumberOfCharacters>10000</MaxNumberOfCharacters>
              <LookupIdentity />
              <StaticData />
              <Mandatory>false</Mandatory>
            </StringVariableDisplayProperties>
            <MinDate xsi:nil="true" />
            <MaxDate xsi:nil="true" />
            <DecimalPrecision>0</DecimalPrecision>
            <ShowTime>false</ShowTime>
          </FieldDisplayProperties>
          <IsDefaultValueNull>false</IsDefaultValueNull>
        </DataModelField>
        <DataModelField>
          <Identity>
            <Id>2965FFD058394564BFA0065BF3129B48</Id>
            <Name>result</Name>
            <DisplayName>result</DisplayName>
          </Identity>
          <Type>Text</Type>
          <DefaultValue xsi:type="xsd:string" />
          <SubFields />
          <IsUnnamed>false</IsUnnamed>
          <Scope>Public</Scope>
          <DecimalPrecision>0</DecimalPrecision>
          <FieldDisplayProperties>
            <VariableIdentity>
              <Id>2965FFD058394564BFA0065BF3129B48</Id>
              <Version>0</Version>
              <OwnerId />
              <DisplayName />
              <Name />
            </VariableIdentity>
            <StringVariableDisplayProperties>
              <VariableControlType>Singleline</VariableControlType>
              <MaxNumberOfCharacters>10000</MaxNumberOfCharacters>
              <LookupIdentity />
              <StaticData />
              <Mandatory>false</Mandatory>
            </StringVariableDisplayProperties>
            <MinDate xsi:nil="true" />
            <MaxDate xsi:nil="true" />
            <DecimalPrecision>0</DecimalPrecision>
            <ShowTime>false</ShowTime>
          </FieldDisplayProperties>
          <IsDefaultValueNull>false</IsDefaultValueNull>
        </DataModelField>
        <DataModelField>
          <Identity>
            <Id>91A554DB83E84F5C915A3288DE8AC6F0</Id>
            <Name>results</Name>
            <DisplayName>results</DisplayName>
          </Identity>
          <Type>ObjectArray</Type>
          <SubFields>
            <DataModelField>
              <Identity>
                <Id>B15A6A52CE994462B4DD929BF7F5BE61</Id>
                <Name>name</Name>
                <DisplayName>name</DisplayName>
              </Identity>
              <Type>Text</Type>
              <DefaultValue xsi:type="xsd:string" />
              <SubFields />
              <IsUnnamed>false</IsUnnamed>
              <Scope>Public</Scope>
              <DecimalPrecision>0</DecimalPrecision>
              <FieldDisplayProperties>
                <VariableIdentity>
                  <Id>B15A6A52CE994462B4DD929BF7F5BE61</Id>
                  <Version>0</Version>
                  <OwnerId />
                  <DisplayName />
                  <Name />
                </VariableIdentity>
                <StringVariableDisplayProperties>
                  <VariableControlType>Singleline</VariableControlType>
                  <MaxNumberOfCharacters>10000</MaxNumberOfCharacters>
                  <LookupIdentity />
                  <StaticData />
                  <Mandatory>false</Mandatory>
                </StringVariableDisplayProperties>
                <MinDate xsi:nil="true" />
                <MaxDate xsi:nil="true" />
                <DecimalPrecision>0</DecimalPrecision>
                <ShowTime>false</ShowTime>
              </FieldDisplayProperties>
              <IsDefaultValueNull>false</IsDefaultValueNull>
            </DataModelField>
            <DataModelField>
              <Identity>
                <Id>B6213A245DB645F69187F4E2520CB652</Id>
                <Name>contentLength</Name>
                <DisplayName>contentLength</DisplayName>
              </Identity>
              <Type>Number</Type>
              <DefaultValue xsi:type="xsd:int">0</DefaultValue>
              <SubFields />
              <IsUnnamed>false</IsUnnamed>
              <Scope>Public</Scope>
              <DecimalPrecision>0</DecimalPrecision>
              <FieldDisplayProperties>
                <VariableIdentity>
                  <Id>B6213A245DB645F69187F4E2520CB652</Id>
                  <Version>0</Version>
                  <OwnerId />
                  <DisplayName />
                  <Name />
                </VariableIdentity>
                <StringVariableDisplayProperties>
                  <VariableControlType>Singleline</VariableControlType>
                  <MaxNumberOfCharacters>0</MaxNumberOfCharacters>
                  <LookupIdentity />
                  <StaticData />
                  <Mandatory>false</Mandatory>
                </StringVariableDisplayProperties>
                <MinValue>-900719925474</MinValue>
                <MaxValue>900719925474</MaxValue>
                <MinDate xsi:nil="true" />
                <MaxDate xsi:nil="true" />
                <DecimalPrecision>0</DecimalPrecision>
                <ShowTime>false</ShowTime>
              </FieldDisplayProperties>
              <IsDefaultValueNull>false</IsDefaultValueNull>
            </DataModelField>
            <DataModelField>
              <Identity>
                <Id>D367597A449A46D39489D12ADE4A1A22</Id>
                <Name>createdOn</Name>
                <DisplayName>createdOn</DisplayName>
              </Identity>
              <Type>Date</Type>
              <DefaultValue xsi:type="xsd:string">2024-03-01T15:31:59.430Z</DefaultValue>
              <SubFields />
              <IsUnnamed>false</IsUnnamed>
              <Scope>Public</Scope>
              <DecimalPrecision>0</DecimalPrecision>
              <FieldDisplayProperties>
                <VariableIdentity>
                  <Id>D367597A449A46D39489D12ADE4A1A22</Id>
                  <Version>0</Version>
                  <OwnerId />
                  <DisplayName />
                  <Name />
                </VariableIdentity>
                <StringVariableDisplayProperties>
                  <VariableControlType>Singleline</VariableControlType>
                  <MaxNumberOfCharacters>0</MaxNumberOfCharacters>
                  <LookupIdentity />
                  <StaticData />
                  <Mandatory>false</Mandatory>
                </StringVariableDisplayProperties>
                <MinDate xsi:nil="true" />
                <MaxDate xsi:nil="true" />
                <DecimalPrecision>0</DecimalPrecision>
                <ShowTime>false</ShowTime>
              </FieldDisplayProperties>
              <IsDefaultValueNull>false</IsDefaultValueNull>
            </DataModelField>
            <DataModelField>
              <Identity>
                <Id>E4575E15199049DF996511C2B2D17B51</Id>
                <Name>lastModified</Name>
                <DisplayName>lastModified</DisplayName>
              </Identity>
              <Type>Date</Type>
              <DefaultValue xsi:type="xsd:string">2024-03-01T15:31:59.430Z</DefaultValue>
              <SubFields />
              <IsUnnamed>false</IsUnnamed>
              <Scope>Public</Scope>
              <DecimalPrecision>0</DecimalPrecision>
              <FieldDisplayProperties>
                <VariableIdentity>
                  <Id>E4575E15199049DF996511C2B2D17B51</Id>
                  <Version>0</Version>
                  <OwnerId />
                  <DisplayName />
                  <Name />
                </VariableIdentity>
                <StringVariableDisplayProperties>
                  <VariableControlType>Singleline</VariableControlType>
                  <MaxNumberOfCharacters>0</MaxNumberOfCharacters>
                  <LookupIdentity />
                  <StaticData />
                  <Mandatory>false</Mandatory>
                </StringVariableDisplayProperties>
                <MinDate xsi:nil="true" />
                <MaxDate xsi:nil="true" />
                <DecimalPrecision>0</DecimalPrecision>
                <ShowTime>false</ShowTime>
              </FieldDisplayProperties>
              <IsDefaultValueNull>false</IsDefaultValueNull>
            </DataModelField>
            <DataModelField>
              <Identity>
                <Id>72EE08BEB2604D9EAFFA1E004DA78BB5</Id>
                <Name>contentType</Name>
                <DisplayName>contentType</DisplayName>
              </Identity>
              <Type>Text</Type>
              <DefaultValue xsi:type="xsd:string" />
              <SubFields />
              <IsUnnamed>false</IsUnnamed>
              <Scope>Public</Scope>
              <DecimalPrecision>0</DecimalPrecision>
              <FieldDisplayProperties>
                <VariableIdentity>
                  <Id>72EE08BEB2604D9EAFFA1E004DA78BB5</Id>
                  <Version>0</Version>
                  <OwnerId />
                  <DisplayName />
                  <Name />
                </VariableIdentity>
                <StringVariableDisplayProperties>
                  <VariableControlType>Singleline</VariableControlType>
                  <MaxNumberOfCharacters>10000</MaxNumberOfCharacters>
                  <LookupIdentity />
                  <StaticData />
                  <Mandatory>false</Mandatory>
                </StringVariableDisplayProperties>
                <MinDate xsi:nil="true" />
                <MaxDate xsi:nil="true" />
                <DecimalPrecision>0</DecimalPrecision>
                <ShowTime>false</ShowTime>
              </FieldDisplayProperties>
              <IsDefaultValueNull>false</IsDefaultValueNull>
            </DataModelField>
          </SubFields>
          <IsUnnamed>false</IsUnnamed>
          <Scope>Public</Scope>
          <DecimalPrecision>0</DecimalPrecision>
          <IsDefaultValueNull>false</IsDefaultValueNull>
        </DataModelField>
        <DataModelField>
          <Identity>
            <Id>3FAD3271C7BB4284926BE38BE48782DB</Id>
            <Name>examplePayload</Name>
            <DisplayName>examplePayload</DisplayName>
          </Identity>
          <Type>Object</Type>
          <SubFields>
            <DataModelField>
              <Identity>
                <Id>F84B728299C64033B98062C1111C90FE</Id>
                <Name>azure_storage_account_name</Name>
                <DisplayName>azure_storage_account_name</DisplayName>
              </Identity>
              <Type>Text</Type>
              <DefaultValue xsi:type="xsd:string" />
              <SubFields />
              <IsUnnamed>false</IsUnnamed>
              <Scope>Public</Scope>
              <DecimalPrecision>0</DecimalPrecision>
              <FieldDisplayProperties>
                <VariableIdentity>
                  <Id>F84B728299C64033B98062C1111C90FE</Id>
                  <Version>0</Version>
                  <OwnerId />
                  <DisplayName />
                  <Name />
                </VariableIdentity>
                <StringVariableDisplayProperties>
                  <VariableControlType>Singleline</VariableControlType>
                  <MaxNumberOfCharacters>10000</MaxNumberOfCharacters>
                  <LookupIdentity />
                  <StaticData />
                  <Mandatory>false</Mandatory>
                </StringVariableDisplayProperties>
                <MinDate xsi:nil="true" />
                <MaxDate xsi:nil="true" />
                <DecimalPrecision>0</DecimalPrecision>
                <ShowTime>false</ShowTime>
              </FieldDisplayProperties>
              <IsDefaultValueNull>false</IsDefaultValueNull>
            </DataModelField>
            <DataModelField>
              <Identity>
                <Id>E457C8B4786A4DB9898D575A15ECA865</Id>
                <Name>azure_storage_account_key</Name>
                <DisplayName>azure_storage_account_key</DisplayName>
              </Identity>
              <Type>Text</Type>
              <DefaultValue xsi:type="xsd:string" />
              <SubFields />
              <IsUnnamed>false</IsUnnamed>
              <Scope>Public</Scope>
              <DecimalPrecision>0</DecimalPrecision>
              <FieldDisplayProperties>
                <VariableIdentity>
                  <Id>E457C8B4786A4DB9898D575A15ECA865</Id>
                  <Version>0</Version>
                  <OwnerId />
                  <DisplayName />
                  <Name />
                </VariableIdentity>
                <StringVariableDisplayProperties>
                  <VariableControlType>Singleline</VariableControlType>
                  <MaxNumberOfCharacters>10000</MaxNumberOfCharacters>
                  <LookupIdentity />
                  <StaticData />
                  <Mandatory>false</Mandatory>
                </StringVariableDisplayProperties>
                <MinDate xsi:nil="true" />
                <MaxDate xsi:nil="true" />
                <DecimalPrecision>0</DecimalPrecision>
                <ShowTime>false</ShowTime>
              </FieldDisplayProperties>
              <IsDefaultValueNull>false</IsDefaultValueNull>
            </DataModelField>
            <DataModelField>
              <Identity>
                <Id>05C6D1E2B183476EBCFBADE2528A8C36</Id>
                <Name>azure_storage_account_container</Name>
                <DisplayName>azure_storage_account_container</DisplayName>
              </Identity>
              <Type>Text</Type>
              <DefaultValue xsi:type="xsd:string" />
              <SubFields />
              <IsUnnamed>false</IsUnnamed>
              <Scope>Public</Scope>
              <DecimalPrecision>0</DecimalPrecision>
              <FieldDisplayProperties>
                <VariableIdentity>
                  <Id>05C6D1E2B183476EBCFBADE2528A8C36</Id>
                  <Version>0</Version>
                  <OwnerId />
                  <DisplayName />
                  <Name />
                </VariableIdentity>
                <StringVariableDisplayProperties>
                  <VariableControlType>Singleline</VariableControlType>
                  <MaxNumberOfCharacters>10000</MaxNumberOfCharacters>
                  <LookupIdentity />
                  <StaticData />
                  <Mandatory>false</Mandatory>
                </StringVariableDisplayProperties>
                <MinDate xsi:nil="true" />
                <MaxDate xsi:nil="true" />
                <DecimalPrecision>0</DecimalPrecision>
                <ShowTime>false</ShowTime>
              </FieldDisplayProperties>
              <IsDefaultValueNull>false</IsDefaultValueNull>
            </DataModelField>
            <DataModelField>
              <Identity>
                <Id>6A960FE6C8204DAABE98ED93499E332A</Id>
                <Name>optional_directory</Name>
                <DisplayName>optional_directory</DisplayName>
              </Identity>
              <Type>Text</Type>
              <DefaultValue xsi:type="xsd:string" />
              <SubFields />
              <IsUnnamed>false</IsUnnamed>
              <Scope>Public</Scope>
              <DecimalPrecision>0</DecimalPrecision>
              <FieldDisplayProperties>
                <VariableIdentity>
                  <Id>6A960FE6C8204DAABE98ED93499E332A</Id>
                  <Version>0</Version>
                  <OwnerId />
                  <DisplayName />
                  <Name />
                </VariableIdentity>
                <StringVariableDisplayProperties>
                  <VariableControlType>Singleline</VariableControlType>
                  <MaxNumberOfCharacters>10000</MaxNumberOfCharacters>
                  <LookupIdentity />
                  <StaticData />
                  <Mandatory>false</Mandatory>
                </StringVariableDisplayProperties>
                <MinDate xsi:nil="true" />
                <MaxDate xsi:nil="true" />
                <DecimalPrecision>0</DecimalPrecision>
                <ShowTime>false</ShowTime>
              </FieldDisplayProperties>
              <IsDefaultValueNull>false</IsDefaultValueNull>
            </DataModelField>
            <DataModelField>
              <Identity>
                <Id>3EB449DFAEC442DCBE0F3B8D08E3B0AD</Id>
                <Name>optional_file_name</Name>
                <DisplayName>optional_file_name</DisplayName>
              </Identity>
              <Type>Text</Type>
              <DefaultValue xsi:type="xsd:string" />
              <SubFields />
              <IsUnnamed>false</IsUnnamed>
              <Scope>Public</Scope>
              <DecimalPrecision>0</DecimalPrecision>
              <FieldDisplayProperties>
                <VariableIdentity>
                  <Id>3EB449DFAEC442DCBE0F3B8D08E3B0AD</Id>
                  <Version>0</Version>
                  <OwnerId />
                  <DisplayName />
                  <Name />
                </VariableIdentity>
                <StringVariableDisplayProperties>
                  <VariableControlType>Singleline</VariableControlType>
                  <MaxNumberOfCharacters>10000</MaxNumberOfCharacters>
                  <LookupIdentity />
                  <StaticData />
                  <Mandatory>false</Mandatory>
                </StringVariableDisplayProperties>
                <MinDate xsi:nil="true" />
                <MaxDate xsi:nil="true" />
                <DecimalPrecision>0</DecimalPrecision>
                <ShowTime>false</ShowTime>
              </FieldDisplayProperties>
              <IsDefaultValueNull>false</IsDefaultValueNull>
            </DataModelField>
            <DataModelField>
              <Identity>
                <Id>7643AE8875724D44B4E9B56D9E812FD2</Id>
                <Name>optional_file_content_as_base64</Name>
                <DisplayName>optional_file_content_as_base64</DisplayName>
              </Identity>
              <Type>Text</Type>
              <DefaultValue xsi:type="xsd:string" />
              <SubFields />
              <IsUnnamed>false</IsUnnamed>
              <Scope>Public</Scope>
              <DecimalPrecision>0</DecimalPrecision>
              <FieldDisplayProperties>
                <VariableIdentity>
                  <Id>7643AE8875724D44B4E9B56D9E812FD2</Id>
                  <Version>0</Version>
                  <OwnerId />
                  <DisplayName />
                  <Name />
                </VariableIdentity>
                <StringVariableDisplayProperties>
                  <VariableControlType>Singleline</VariableControlType>
                  <MaxNumberOfCharacters>10000</MaxNumberOfCharacters>
                  <LookupIdentity />
                  <StaticData />
                  <Mandatory>false</Mandatory>
                </StringVariableDisplayProperties>
                <MinDate xsi:nil="true" />
                <MaxDate xsi:nil="true" />
                <DecimalPrecision>0</DecimalPrecision>
                <ShowTime>false</ShowTime>
              </FieldDisplayProperties>
              <IsDefaultValueNull>false</IsDefaultValueNull>
            </DataModelField>
            <DataModelField>
              <Identity>
                <Id>C27846A8ED8849388A8E6D85F8BFC45D</Id>
                <Name>action</Name>
                <DisplayName>action</DisplayName>
              </Identity>
              <Type>Text</Type>
              <DefaultValue xsi:type="xsd:string" />
              <SubFields />
              <IsUnnamed>false</IsUnnamed>
              <Scope>Public</Scope>
              <DecimalPrecision>0</DecimalPrecision>
              <FieldDisplayProperties>
                <VariableIdentity>
                  <Id>C27846A8ED8849388A8E6D85F8BFC45D</Id>
                  <Version>0</Version>
                  <OwnerId />
                  <DisplayName />
                  <Name />
                </VariableIdentity>
                <StringVariableDisplayProperties>
                  <VariableControlType>Singleline</VariableControlType>
                  <MaxNumberOfCharacters>10000</MaxNumberOfCharacters>
                  <LookupIdentity />
                  <StaticData />
                  <Mandatory>false</Mandatory>
                </StringVariableDisplayProperties>
                <MinDate xsi:nil="true" />
                <MaxDate xsi:nil="true" />
                <DecimalPrecision>0</DecimalPrecision>
                <ShowTime>false</ShowTime>
              </FieldDisplayProperties>
              <IsDefaultValueNull>false</IsDefaultValueNull>
            </DataModelField>
            <DataModelField>
              <Identity>
                <Id>E01A57129C8D45BE9EB8EC0048D4450F</Id>
                <Name>optional_file_custom_metadata</Name>
                <DisplayName>optional_file_custom_metadata</DisplayName>
              </Identity>
              <Type>Object</Type>
              <SubFields>
                <DataModelField>
                  <Identity>
                    <Id>A2BDE29A3F0444F4A43F8871311A0795</Id>
                    <Name>customKey1</Name>
                    <DisplayName>customKey1</DisplayName>
                  </Identity>
                  <Type>Text</Type>
                  <DefaultValue xsi:type="xsd:string" />
                  <SubFields />
                  <IsUnnamed>false</IsUnnamed>
                  <Scope>Public</Scope>
                  <DecimalPrecision>0</DecimalPrecision>
                  <FieldDisplayProperties>
                    <VariableIdentity>
                      <Id>A2BDE29A3F0444F4A43F8871311A0795</Id>
                      <Version>0</Version>
                      <OwnerId />
                      <DisplayName />
                      <Name />
                    </VariableIdentity>
                    <StringVariableDisplayProperties>
                      <VariableControlType>Singleline</VariableControlType>
                      <MaxNumberOfCharacters>10000</MaxNumberOfCharacters>
                      <LookupIdentity />
                      <StaticData />
                      <Mandatory>false</Mandatory>
                    </StringVariableDisplayProperties>
                    <MinDate xsi:nil="true" />
                    <MaxDate xsi:nil="true" />
                    <DecimalPrecision>0</DecimalPrecision>
                    <ShowTime>false</ShowTime>
                  </FieldDisplayProperties>
                  <IsDefaultValueNull>false</IsDefaultValueNull>
                </DataModelField>
                <DataModelField>
                  <Identity>
                    <Id>19A8DCE4351340669759BFF2699B361A</Id>
                    <Name>customKey2</Name>
                    <DisplayName>customKey2</DisplayName>
                  </Identity>
                  <Type>Text</Type>
                  <DefaultValue xsi:type="xsd:string" />
                  <SubFields />
                  <IsUnnamed>false</IsUnnamed>
                  <Scope>Public</Scope>
                  <DecimalPrecision>0</DecimalPrecision>
                  <FieldDisplayProperties>
                    <VariableIdentity>
                      <Id>19A8DCE4351340669759BFF2699B361A</Id>
                      <Version>0</Version>
                      <OwnerId />
                      <DisplayName />
                      <Name />
                    </VariableIdentity>
                    <StringVariableDisplayProperties>
                      <VariableControlType>Singleline</VariableControlType>
                      <MaxNumberOfCharacters>10000</MaxNumberOfCharacters>
                      <LookupIdentity />
                      <StaticData />
                      <Mandatory>false</Mandatory>
                    </StringVariableDisplayProperties>
                    <MinDate xsi:nil="true" />
                    <MaxDate xsi:nil="true" />
                    <DecimalPrecision>0</DecimalPrecision>
                    <ShowTime>false</ShowTime>
                  </FieldDisplayProperties>
                  <IsDefaultValueNull>false</IsDefaultValueNull>
                </DataModelField>
              </SubFields>
              <IsUnnamed>false</IsUnnamed>
              <Scope>Public</Scope>
              <DecimalPrecision>0</DecimalPrecision>
              <IsDefaultValueNull>false</IsDefaultValueNull>
            </DataModelField>
          </SubFields>
          <IsUnnamed>false</IsUnnamed>
          <Scope>Public</Scope>
          <DecimalPrecision>0</DecimalPrecision>
          <IsDefaultValueNull>false</IsDefaultValueNull>
        </DataModelField>
      </Fields>
      <Scope>Public</Scope>
    </Data>
    <Status>Released</Status>
    <Description>Data Model to hold the different possible responses from the Blob Storage Helper function.</Description>
    <OwnerId>7F6AEA32D2AA25489457A4E4F29CFA6B</OwnerId>
    <LastModifiedDate>2024-03-01T15:50:55.877</LastModifiedDate>
    <LastModifiedBy>
      <Id>2C90EEF0FEC5474AA18CFC3B931EDF1B</Id>
      <AutomaticallyPopulate>true</AutomaticallyPopulate>
      <ResourceType>Worker</ResourceType>
      <EmailAddress />
      <UserId />
      <ManagerialLevel>0</ManagerialLevel>
    </LastModifiedBy>
  </DataModel>
  <DataModel>
    <Identity>
      <Id>CE3A08349D724327EBA7205093C891D8</Id>
      <Version>5</Version>
      <Name>Blob Storage Helper Request Data Model</Name>
    </Identity>
    <Category>
      <Id>83FF849E4D0249D0A574CD6A79A600D8</Id>
      <AutomaticallyPopulate>true</AutomaticallyPopulate>
      <Name />
      <Description />
    </Category>
    <Data>
      <Fields>
        <DataModelField>
          <Identity>
            <Id>17AC78B27A66471D8563ACCFB3BFE658</Id>
            <Name>azure_storage_account_name</Name>
            <DisplayName>azure_storage_account_name</DisplayName>
          </Identity>
          <Type>Text</Type>
          <DefaultValue xsi:type="xsd:string" />
          <SubFields />
          <IsUnnamed>false</IsUnnamed>
          <Scope>Public</Scope>
          <DecimalPrecision>0</DecimalPrecision>
          <FieldDisplayProperties>
            <VariableIdentity>
              <Id>17AC78B27A66471D8563ACCFB3BFE658</Id>
              <Version>0</Version>
              <OwnerId />
              <DisplayName />
              <Name />
            </VariableIdentity>
            <StringVariableDisplayProperties>
              <VariableControlType>Singleline</VariableControlType>
              <MaxNumberOfCharacters>10000</MaxNumberOfCharacters>
              <LookupIdentity />
              <StaticData />
              <Mandatory>true</Mandatory>
            </StringVariableDisplayProperties>
            <MinDate xsi:nil="true" />
            <MaxDate xsi:nil="true" />
            <DecimalPrecision>0</DecimalPrecision>
            <ShowTime>false</ShowTime>
          </FieldDisplayProperties>
          <IsDefaultValueNull>false</IsDefaultValueNull>
        </DataModelField>
        <DataModelField>
          <Identity>
            <Id>A388642085C64A03891F89E3D1669622</Id>
            <Name>azure_storage_account_key</Name>
            <DisplayName>azure_storage_account_key</DisplayName>
          </Identity>
          <Type>Text</Type>
          <DefaultValue xsi:type="xsd:string" />
          <SubFields />
          <IsUnnamed>false</IsUnnamed>
          <Scope>Public</Scope>
          <DecimalPrecision>0</DecimalPrecision>
          <FieldDisplayProperties>
            <VariableIdentity>
              <Id>A388642085C64A03891F89E3D1669622</Id>
              <Version>0</Version>
              <OwnerId />
              <DisplayName />
              <Name />
            </VariableIdentity>
            <StringVariableDisplayProperties>
              <VariableControlType>Singleline</VariableControlType>
              <MaxNumberOfCharacters>10000</MaxNumberOfCharacters>
              <LookupIdentity />
              <StaticData />
              <Mandatory>true</Mandatory>
            </StringVariableDisplayProperties>
            <MinDate xsi:nil="true" />
            <MaxDate xsi:nil="true" />
            <DecimalPrecision>0</DecimalPrecision>
            <ShowTime>false</ShowTime>
          </FieldDisplayProperties>
          <IsDefaultValueNull>false</IsDefaultValueNull>
        </DataModelField>
        <DataModelField>
          <Identity>
            <Id>7257CF6B23AC430EA7A3BD6A4D667D1F</Id>
            <Name>azure_storage_account_container</Name>
            <DisplayName>azure_storage_account_container</DisplayName>
          </Identity>
          <Type>Text</Type>
          <DefaultValue xsi:type="xsd:string" />
          <SubFields />
          <IsUnnamed>false</IsUnnamed>
          <Scope>Public</Scope>
          <DecimalPrecision>0</DecimalPrecision>
          <FieldDisplayProperties>
            <VariableIdentity>
              <Id>7257CF6B23AC430EA7A3BD6A4D667D1F</Id>
              <Version>0</Version>
              <OwnerId />
              <DisplayName />
              <Name />
            </VariableIdentity>
            <StringVariableDisplayProperties>
              <VariableControlType>Singleline</VariableControlType>
              <MaxNumberOfCharacters>10000</MaxNumberOfCharacters>
              <LookupIdentity />
              <StaticData />
              <Mandatory>true</Mandatory>
            </StringVariableDisplayProperties>
            <MinDate xsi:nil="true" />
            <MaxDate xsi:nil="true" />
            <DecimalPrecision>0</DecimalPrecision>
            <ShowTime>false</ShowTime>
          </FieldDisplayProperties>
          <IsDefaultValueNull>false</IsDefaultValueNull>
        </DataModelField>
        <DataModelField>
          <Identity>
            <Id>C68552C088254B6994C4C623D25D1ADF</Id>
            <Name>optional_directory</Name>
            <DisplayName>optional_directory</DisplayName>
          </Identity>
          <Type>Text</Type>
          <DefaultValue xsi:type="xsd:string" />
          <SubFields />
          <IsUnnamed>false</IsUnnamed>
          <Scope>Public</Scope>
          <DecimalPrecision>0</DecimalPrecision>
          <FieldDisplayProperties>
            <VariableIdentity>
              <Id>C68552C088254B6994C4C623D25D1ADF</Id>
              <Version>0</Version>
              <OwnerId />
              <DisplayName />
              <Name />
            </VariableIdentity>
            <StringVariableDisplayProperties>
              <VariableControlType>Singleline</VariableControlType>
              <MaxNumberOfCharacters>10000</MaxNumberOfCharacters>
              <LookupIdentity />
              <StaticData />
              <Mandatory>false</Mandatory>
            </StringVariableDisplayProperties>
            <MinDate xsi:nil="true" />
            <MaxDate xsi:nil="true" />
            <DecimalPrecision>0</DecimalPrecision>
            <ShowTime>false</ShowTime>
          </FieldDisplayProperties>
          <IsDefaultValueNull>false</IsDefaultValueNull>
        </DataModelField>
        <DataModelField>
          <Identity>
            <Id>058A387E76624F839D3997B12CE23D4E</Id>
            <Name>optional_file_name</Name>
            <DisplayName>optional_file_name</DisplayName>
          </Identity>
          <Type>Text</Type>
          <DefaultValue xsi:type="xsd:string" />
          <SubFields />
          <IsUnnamed>false</IsUnnamed>
          <Scope>Public</Scope>
          <DecimalPrecision>0</DecimalPrecision>
          <FieldDisplayProperties>
            <VariableIdentity>
              <Id>058A387E76624F839D3997B12CE23D4E</Id>
              <Version>0</Version>
              <OwnerId />
              <DisplayName />
              <Name />
            </VariableIdentity>
            <StringVariableDisplayProperties>
              <VariableControlType>Singleline</VariableControlType>
              <MaxNumberOfCharacters>10000</MaxNumberOfCharacters>
              <LookupIdentity />
              <StaticData />
              <Mandatory>false</Mandatory>
            </StringVariableDisplayProperties>
            <MinDate xsi:nil="true" />
            <MaxDate xsi:nil="true" />
            <DecimalPrecision>0</DecimalPrecision>
            <ShowTime>false</ShowTime>
          </FieldDisplayProperties>
          <IsDefaultValueNull>false</IsDefaultValueNull>
        </DataModelField>
        <DataModelField>
          <Identity>
            <Id>6E4BD178A2B3452B9394F716A8C0B55E</Id>
            <Name>optional_file_content_as_base64</Name>
            <DisplayName>optional_file_content_as_base64</DisplayName>
          </Identity>
          <Type>Text</Type>
          <DefaultValue xsi:type="xsd:string" />
          <SubFields />
          <IsUnnamed>false</IsUnnamed>
          <Scope>Public</Scope>
          <DecimalPrecision>0</DecimalPrecision>
          <FieldDisplayProperties>
            <VariableIdentity>
              <Id>6E4BD178A2B3452B9394F716A8C0B55E</Id>
              <Version>0</Version>
              <OwnerId />
              <DisplayName />
              <Name />
            </VariableIdentity>
            <StringVariableDisplayProperties>
              <VariableControlType>Singleline</VariableControlType>
              <MaxNumberOfCharacters>10000</MaxNumberOfCharacters>
              <LookupIdentity />
              <StaticData />
              <Mandatory>false</Mandatory>
            </StringVariableDisplayProperties>
            <MinDate xsi:nil="true" />
            <MaxDate xsi:nil="true" />
            <DecimalPrecision>0</DecimalPrecision>
            <ShowTime>false</ShowTime>
          </FieldDisplayProperties>
          <IsDefaultValueNull>false</IsDefaultValueNull>
        </DataModelField>
        <DataModelField>
          <Identity>
            <Id>CC66E8689D3641759884D107AA018402</Id>
            <Name>action</Name>
            <DisplayName>action</DisplayName>
          </Identity>
          <Type>Text</Type>
          <DefaultValue xsi:type="xsd:string" />
          <SubFields />
          <IsUnnamed>false</IsUnnamed>
          <Scope>Public</Scope>
          <DecimalPrecision>0</DecimalPrecision>
          <FieldDisplayProperties>
            <VariableIdentity>
              <Id>CC66E8689D3641759884D107AA018402</Id>
              <Version>0</Version>
              <OwnerId />
              <DisplayName />
              <Name />
            </VariableIdentity>
            <StringVariableDisplayProperties>
              <VariableControlType>DropDown</VariableControlType>
              <MaxNumberOfCharacters>0</MaxNumberOfCharacters>
              <LookupIdentity />
              <StaticData>
                <StaticDataItem>
                  <DisplayText>list</DisplayText>
                  <Id>2A666A4B45934B28BDDFE9A69AD773E3</Id>
                  <Value>list</Value>
                  <IsDefaultValue>true</IsDefaultValue>
                </StaticDataItem>
                <StaticDataItem>
                  <DisplayText>create</DisplayText>
                  <Id>F566424111154157B3A36FA0794C1585</Id>
                  <Value>create</Value>
                  <IsDefaultValue>false</IsDefaultValue>
                </StaticDataItem>
                <StaticDataItem>
                  <DisplayText>read</DisplayText>
                  <Id>65E9E779DB3B40C8B04674D854D4ABAB</Id>
                  <Value>read</Value>
                  <IsDefaultValue>false</IsDefaultValue>
                </StaticDataItem>
                <StaticDataItem>
                  <DisplayText>update</DisplayText>
                  <Id>289FFC721F73415EBCE49F2D4173C9F6</Id>
                  <Value>update</Value>
                  <IsDefaultValue>false</IsDefaultValue>
                </StaticDataItem>
                <StaticDataItem>
                  <DisplayText>delete</DisplayText>
                  <Id>84CE7154214F48479ABB60A9B7813B98</Id>
                  <Value>delete</Value>
                  <IsDefaultValue>false</IsDefaultValue>
                </StaticDataItem>
                <StaticDataItem>
                  <DisplayText>create_container</DisplayText>
                  <Id>C29D01B886B949909B55C518DCA24BCA</Id>
                  <Value>create_container</Value>
                  <IsDefaultValue>false</IsDefaultValue>
                </StaticDataItem>
                <StaticDataItem>
                  <DisplayText>delete_container</DisplayText>
                  <Id>C1E90265003D4958981CB9D1E7E230DB</Id>
                  <Value>delete_container</Value>
                  <IsDefaultValue>false</IsDefaultValue>
                </StaticDataItem>
                <StaticDataItem>
                  <DisplayText>get_sas</DisplayText>
                  <Id>E3EC2CC4C6854B9B8ED4703192A2BE80</Id>
                  <Value>get_sas</Value>
                  <IsDefaultValue>false</IsDefaultValue>
                </StaticDataItem>
                <StaticDataItem>
                  <DisplayText>get_connection_string</DisplayText>
                  <Id>FB1F64941B7345128FC876496DA1CCF6</Id>
                  <Value>get_connection_string</Value>
                  <IsDefaultValue>false</IsDefaultValue>
                </StaticDataItem>
              </StaticData>
              <Mandatory>true</Mandatory>
            </StringVariableDisplayProperties>
            <MinDate xsi:nil="true" />
            <MaxDate xsi:nil="true" />
            <DecimalPrecision>0</DecimalPrecision>
            <ShowTime>false</ShowTime>
          </FieldDisplayProperties>
          <IsDefaultValueNull>false</IsDefaultValueNull>
        </DataModelField>
      </Fields>
      <Scope>Public</Scope>
    </Data>
    <Status>Released</Status>
    <Description>Data Model to hold the different possible responses from the Blob Storage Helper function.</Description>
    <OwnerId>7F6AEA32D2AA25489457A4E4F29CFA6B</OwnerId>
    <LastModifiedDate>2024-03-05T19:06:43.293</LastModifiedDate>
    <LastModifiedBy>
      <Id>2C90EEF0FEC5474AA18CFC3B931EDF1B</Id>
      <AutomaticallyPopulate>true</AutomaticallyPopulate>
      <ResourceType>Worker</ResourceType>
      <EmailAddress />
      <UserId />
      <ManagerialLevel>0</ManagerialLevel>
    </LastModifiedBy>
  </DataModel>
</ArrayOfDataModel>