<?xml version="1.0" encoding="utf-16"?>
<ArrayOfCustomService xmlns:xsd="http://www.w3.org/2001/XMLSchema" xmlns:xsi="http://www.w3.org/2001/XMLSchema-instance">
  <CustomService>
    <Identity>
      <Id>075ABAF8DAB1454BB462732BAC187CF6</Id>
      <Name>Blob Storage - Get SAS</Name>
      <Version>5</Version>
      <Group>
        <Id>0E05FD112C2C49168FB44C6B61B294FF</Id>
        <Name>Azure Blob Storage</Name>
      </Group>
    </Identity>
    <Category>
      <Id>83FF849E4D0249D0A574CD6A79A600D8</Id>
      <AutomaticallyPopulate>true</AutomaticallyPopulate>
      <Name />
      <Description />
    </Category>
    <Data>
      <Owner />
      <Inputs>
        <ParameterDetails>
          <name>AZURE_STORAGE_ACCOUNT_CONTAINER</name>
          <type>8</type>
          <description>azure_storage_account_container</description>
          <errorCodeMappingType>Static</errorCodeMappingType>
          <variableAccessScope>Public</variableAccessScope>
        </ParameterDetails>
      </Inputs>
      <Outputs>
        <ParameterDetails>
          <name>AZURE_STORAGE_SAS</name>
          <type>8</type>
          <description>azure_storage_sas</description>
          <errorCodeMappingType>Static</errorCodeMappingType>
          <variableAccessScope>Public</variableAccessScope>
        </ParameterDetails>
      </Outputs>
    </Data>
    <LastModifiedDate>2024-03-05T19:07:46.683</LastModifiedDate>
    <LastModifiedBy>
      <Id>2C90EEF0FEC5474AA18CFC3B931EDF1B</Id>
      <AutomaticallyPopulate>true</AutomaticallyPopulate>
      <ResourceType>Worker</ResourceType>
      <EmailAddress />
      <UserId />
      <ManagerialLevel>0</ManagerialLevel>
    </LastModifiedBy>
  </CustomService>
  <CustomService>
    <Identity>
      <Id>09EBD9C23C4D46A2AF0016C396D5777B</Id>
      <Name>Blob Storage - Create Container</Name>
      <Version>8</Version>
      <Group>
        <Id>0E05FD112C2C49168FB44C6B61B294FF</Id>
        <Name>Azure Blob Storage</Name>
      </Group>
    </Identity>
    <Category>
      <Id>83FF849E4D0249D0A574CD6A79A600D8</Id>
      <AutomaticallyPopulate>true</AutomaticallyPopulate>
      <Name />
      <Description />
    </Category>
    <Data>
      <Owner />
      <Inputs>
        <ParameterDetails>
          <name>AZURE_STORAGE_ACCOUNT_CONTAINER</name>
          <type>8</type>
          <description>azure_storage_account_container</description>
          <errorCodeMappingType>Static</errorCodeMappingType>
          <variableAccessScope>Public</variableAccessScope>
        </ParameterDetails>
      </Inputs>
      <Outputs>
        <ParameterDetails>
          <name>BLOB_STORAGE_RESPONSE</name>
          <type>32748</type>
          <description>Blob_Storage_Response</description>
          <errorCodeMappingType>Static</errorCodeMappingType>
          <variableAccessScope>Public</variableAccessScope>
        </ParameterDetails>
      </Outputs>
    </Data>
    <LastModifiedDate>2024-03-05T19:07:01.7</LastModifiedDate>
    <LastModifiedBy>
      <Id>2C90EEF0FEC5474AA18CFC3B931EDF1B</Id>
      <AutomaticallyPopulate>true</AutomaticallyPopulate>
      <ResourceType>Worker</ResourceType>
      <EmailAddress />
      <UserId />
      <ManagerialLevel>0</ManagerialLevel>
    </LastModifiedBy>
  </CustomService>
  <CustomService>
    <Identity>
      <Id>1643DD6F6C9841D38FFD64B38FAA3240</Id>
      <Name>Blob Storage - Delete Container</Name>
      <Version>5</Version>
      <Group>
        <Id>0E05FD112C2C49168FB44C6B61B294FF</Id>
        <Name>Azure Blob Storage</Name>
      </Group>
    </Identity>
    <Category>
      <Id>83FF849E4D0249D0A574CD6A79A600D8</Id>
      <AutomaticallyPopulate>true</AutomaticallyPopulate>
      <Name />
      <Description />
    </Category>
    <Data>
      <Owner />
      <Inputs>
        <ParameterDetails>
          <name>AZURE_STORAGE_ACCOUNT_CONTAINER</name>
          <type>8</type>
          <description>azure_storage_account_container</description>
          <errorCodeMappingType>Static</errorCodeMappingType>
          <variableAccessScope>Public</variableAccessScope>
        </ParameterDetails>
      </Inputs>
      <Outputs>
        <ParameterDetails>
          <name>BLOB_STORAGE_RESPONSE</name>
          <type>32748</type>
          <description>Blob_Storage_Response</description>
          <errorCodeMappingType>Static</errorCodeMappingType>
          <variableAccessScope>Public</variableAccessScope>
        </ParameterDetails>
      </Outputs>
    </Data>
    <LastModifiedDate>2024-03-05T19:07:24.607</LastModifiedDate>
    <LastModifiedBy>
      <Id>2C90EEF0FEC5474AA18CFC3B931EDF1B</Id>
      <AutomaticallyPopulate>true</AutomaticallyPopulate>
      <ResourceType>Worker</ResourceType>
      <EmailAddress />
      <UserId />
      <ManagerialLevel>0</ManagerialLevel>
    </LastModifiedBy>
  </CustomService>
  <CustomService>
    <Identity>
      <Id>1AB8E864032E400D86046E7D93D79C1B</Id>
      <Name>Utility - TA Doc to Base64 String</Name>
      <Version>4</Version>
      <Group>
        <Id>0E05FD112C2C49168FB44C6B61B294FF</Id>
        <Name>Azure Blob Storage</Name>
      </Group>
    </Identity>
    <Category>
      <Id>83FF849E4D0249D0A574CD6A79A600D8</Id>
      <AutomaticallyPopulate>true</AutomaticallyPopulate>
      <Name />
      <Description />
    </Category>
    <Data>
      <Owner />
      <Inputs>
        <ParameterDetails>
          <name>SESSIONID</name>
          <type>8</type>
          <description>sessionID</description>
          <errorCodeMappingType>Static</errorCodeMappingType>
          <variableAccessScope>Public</variableAccessScope>
        </ParameterDetails>
        <ParameterDetails>
          <name>KTASDKURL</name>
          <type>8</type>
          <description>KTA SDK Url</description>
          <errorCodeMappingType>Static</errorCodeMappingType>
          <variableAccessScope>Public</variableAccessScope>
        </ParameterDetails>
        <ParameterDetails>
          <name>FILEEXTENSION</name>
          <type>8</type>
          <description>FileExtension</description>
          <errorCodeMappingType>Static</errorCodeMappingType>
          <variableAccessScope>Public</variableAccessScope>
        </ParameterDetails>
        <ParameterDetails>
          <name>DOCUMENTID</name>
          <type>8</type>
          <description>DocumentID</description>
          <errorCodeMappingType>Static</errorCodeMappingType>
          <variableAccessScope>Public</variableAccessScope>
        </ParameterDetails>
      </Inputs>
      <Outputs>
        <ParameterDetails>
          <name>BASE64STRING</name>
          <type>8</type>
          <description>Base64String</description>
          <errorCodeMappingType>Static</errorCodeMappingType>
          <variableAccessScope>Public</variableAccessScope>
        </ParameterDetails>
        <ParameterDetails>
          <name>STATUS</name>
          <type>8</type>
          <description>status</description>
          <errorCodeMappingType>Static</errorCodeMappingType>
          <variableAccessScope>Public</variableAccessScope>
        </ParameterDetails>
        <ParameterDetails>
          <name>CONTENT_LENGTH</name>
          <type>8</type>
          <description>content_length</description>
          <errorCodeMappingType>Static</errorCodeMappingType>
          <variableAccessScope>Public</variableAccessScope>
        </ParameterDetails>
        <ParameterDetails>
          <name>CONTENT_LENGTH_BYTES</name>
          <type>8</type>
          <description>content_length_bytes</description>
          <errorCodeMappingType>Static</errorCodeMappingType>
          <variableAccessScope>Public</variableAccessScope>
        </ParameterDetails>
      </Outputs>
    </Data>
    <LastModifiedDate>2024-03-05T17:02:28.84</LastModifiedDate>
    <LastModifiedBy>
      <Id>2C90EEF0FEC5474AA18CFC3B931EDF1B</Id>
      <AutomaticallyPopulate>true</AutomaticallyPopulate>
      <ResourceType>Worker</ResourceType>
      <EmailAddress />
      <UserId />
      <ManagerialLevel>0</ManagerialLevel>
    </LastModifiedBy>
  </CustomService>
  <CustomService>
    <Identity>
      <Id>1AEC289AE3D64DE0A9FA82682B187767</Id>
      <Name>Blob Storage - CreateUpdate inc metadata</Name>
      <Version>5</Version>
      <Group>
        <Id>0E05FD112C2C49168FB44C6B61B294FF</Id>
        <Name>Azure Blob Storage</Name>
      </Group>
    </Identity>
    <Category>
      <Id>83FF849E4D0249D0A574CD6A79A600D8</Id>
      <AutomaticallyPopulate>true</AutomaticallyPopulate>
      <Name />
      <Description />
    </Category>
    <Data>
      <Owner />
      <Inputs>
        <ParameterDetails>
          <name>AZURE_STORAGE_ACCOUNT_CONTAINER</name>
          <type>8</type>
          <description>azure_storage_account_container</description>
          <errorCodeMappingType>Static</errorCodeMappingType>
          <variableAccessScope>Public</variableAccessScope>
        </ParameterDetails>
        <ParameterDetails>
          <name>FILE_NAME</name>
          <type>8</type>
          <description>file_name</description>
          <errorCodeMappingType>Static</errorCodeMappingType>
          <variableAccessScope>Public</variableAccessScope>
        </ParameterDetails>
        <ParameterDetails>
          <name>FILE_CONTENT_AS_BASE64</name>
          <type>8</type>
          <description>file_content_as_base64</description>
          <errorCodeMappingType>Static</errorCodeMappingType>
          <variableAccessScope>Public</variableAccessScope>
        </ParameterDetails>
        <ParameterDetails>
          <name>OPTIONAL_DIRECTORY</name>
          <type>8</type>
          <description>optional_directory</description>
          <errorCodeMappingType>Static</errorCodeMappingType>
          <variableAccessScope>Public</variableAccessScope>
        </ParameterDetails>
      </Inputs>
      <Outputs>
        <ParameterDetails>
          <name>BLOB_STORAGE_RESPONSE</name>
          <type>32748</type>
          <description>Blob_Storage_Response</description>
          <errorCodeMappingType>Static</errorCodeMappingType>
          <variableAccessScope>Public</variableAccessScope>
        </ParameterDetails>
      </Outputs>
    </Data>
    <LastModifiedDate>2024-03-05T19:07:16.797</LastModifiedDate>
    <LastModifiedBy>
      <Id>2C90EEF0FEC5474AA18CFC3B931EDF1B</Id>
      <AutomaticallyPopulate>true</AutomaticallyPopulate>
      <ResourceType>Worker</ResourceType>
      <EmailAddress />
      <UserId />
      <ManagerialLevel>0</ManagerialLevel>
    </LastModifiedBy>
  </CustomService>
  <CustomService>
    <Identity>
      <Id>4FB1463391BD49E6AAE2832118883A68</Id>
      <Name>Blob Storage - List</Name>
      <Version>4</Version>
      <Group>
        <Id>0E05FD112C2C49168FB44C6B61B294FF</Id>
        <Name>Azure Blob Storage</Name>
      </Group>
    </Identity>
    <Category>
      <Id>83FF849E4D0249D0A574CD6A79A600D8</Id>
      <AutomaticallyPopulate>true</AutomaticallyPopulate>
      <Name />
      <Description />
    </Category>
    <Data>
      <Owner />
      <Inputs>
        <ParameterDetails>
          <name>AZURE_STORAGE_ACCOUNT_CONTAINER</name>
          <type>8</type>
          <description>azure_storage_account_container</description>
          <errorCodeMappingType>Static</errorCodeMappingType>
          <variableAccessScope>Public</variableAccessScope>
        </ParameterDetails>
      </Inputs>
      <Outputs>
        <ParameterDetails>
          <name>BLOB_STORAGE_RESPONSE</name>
          <type>32748</type>
          <description>Blob_Storage_Response</description>
          <errorCodeMappingType>Static</errorCodeMappingType>
          <variableAccessScope>Public</variableAccessScope>
        </ParameterDetails>
      </Outputs>
    </Data>
    <LastModifiedDate>2024-03-05T19:07:53.33</LastModifiedDate>
    <LastModifiedBy>
      <Id>2C90EEF0FEC5474AA18CFC3B931EDF1B</Id>
      <AutomaticallyPopulate>true</AutomaticallyPopulate>
      <ResourceType>Worker</ResourceType>
      <EmailAddress />
      <UserId />
      <ManagerialLevel>0</ManagerialLevel>
    </LastModifiedBy>
  </CustomService>
  <CustomService>
    <Identity>
      <Id>A2C8EF6401F448E08B942A0BDE72F247</Id>
      <Name>Utility - Text to Base64</Name>
      <Version>2</Version>
      <Group>
        <Id>0E05FD112C2C49168FB44C6B61B294FF</Id>
        <Name>Azure Blob Storage</Name>
      </Group>
    </Identity>
    <Category>
      <Id>83FF849E4D0249D0A574CD6A79A600D8</Id>
      <AutomaticallyPopulate>true</AutomaticallyPopulate>
      <Name />
      <Description />
    </Category>
    <Data>
      <Owner />
      <Inputs>
        <ParameterDetails>
          <name>TEXT_STRING</name>
          <type>8</type>
          <description>Text_String</description>
          <errorCodeMappingType>Static</errorCodeMappingType>
          <variableAccessScope>Public</variableAccessScope>
        </ParameterDetails>
      </Inputs>
      <Outputs>
        <ParameterDetails>
          <name>BASE64_STRING</name>
          <type>8</type>
          <description>Base64_string</description>
          <errorCodeMappingType>Static</errorCodeMappingType>
          <variableAccessScope>Public</variableAccessScope>
        </ParameterDetails>
      </Outputs>
    </Data>
    <LastModifiedDate>2024-03-05T16:52:45.207</LastModifiedDate>
    <LastModifiedBy>
      <Id>2C90EEF0FEC5474AA18CFC3B931EDF1B</Id>
      <AutomaticallyPopulate>true</AutomaticallyPopulate>
      <ResourceType>Worker</ResourceType>
      <EmailAddress />
      <UserId />
      <ManagerialLevel>0</ManagerialLevel>
    </LastModifiedBy>
  </CustomService>
  <CustomService>
    <Identity>
      <Id>A80C5ED8B6D546C0BCEC7BBD531197B3</Id>
      <Name>Utility - Create Storage Acc Name</Name>
      <Version>2</Version>
      <Group>
        <Id>0E05FD112C2C49168FB44C6B61B294FF</Id>
        <Name>Azure Blob Storage</Name>
      </Group>
    </Identity>
    <Category>
      <Id>83FF849E4D0249D0A574CD6A79A600D8</Id>
      <AutomaticallyPopulate>true</AutomaticallyPopulate>
      <Name />
      <Description />
    </Category>
    <Data>
      <Owner />
      <Inputs>
        <ParameterDetails>
          <name>STORAGE_ACCOUNT_NAME</name>
          <type>8</type>
          <description>Storage_Account_Name</description>
          <errorCodeMappingType>Static</errorCodeMappingType>
          <variableAccessScope>Public</variableAccessScope>
        </ParameterDetails>
      </Inputs>
      <Outputs>
        <ParameterDetails>
          <name>STORAGE_ACCOUNT_NAME</name>
          <type>8</type>
          <description>Storage_Account_Name</description>
          <errorCodeMappingType>Static</errorCodeMappingType>
          <variableAccessScope>Public</variableAccessScope>
        </ParameterDetails>
      </Outputs>
    </Data>
    <LastModifiedDate>2024-03-05T18:36:23.433</LastModifiedDate>
    <LastModifiedBy>
      <Id>2C90EEF0FEC5474AA18CFC3B931EDF1B</Id>
      <AutomaticallyPopulate>true</AutomaticallyPopulate>
      <ResourceType>Worker</ResourceType>
      <EmailAddress />
      <UserId />
      <ManagerialLevel>0</ManagerialLevel>
    </LastModifiedBy>
  </CustomService>
  <CustomService>
    <Identity>
      <Id>AA9862BFF68D43D88D34A80BBBFADED2</Id>
      <Name>Blob Storage - Create or Update File</Name>
      <Version>5</Version>
      <Group>
        <Id>0E05FD112C2C49168FB44C6B61B294FF</Id>
        <Name>Azure Blob Storage</Name>
      </Group>
    </Identity>
    <Category>
      <Id>83FF849E4D0249D0A574CD6A79A600D8</Id>
      <AutomaticallyPopulate>true</AutomaticallyPopulate>
      <Name />
      <Description />
    </Category>
    <Data>
      <Owner />
      <Inputs>
        <ParameterDetails>
          <name>AZURE_STORAGE_ACCOUNT_CONTAINER</name>
          <type>8</type>
          <description>azure_storage_account_container</description>
          <errorCodeMappingType>Static</errorCodeMappingType>
          <variableAccessScope>Public</variableAccessScope>
        </ParameterDetails>
        <ParameterDetails>
          <name>FILE_NAME</name>
          <type>8</type>
          <description>file_name</description>
          <errorCodeMappingType>Static</errorCodeMappingType>
          <variableAccessScope>Public</variableAccessScope>
        </ParameterDetails>
        <ParameterDetails>
          <name>FILE_CONTENT_AS_BASE64</name>
          <type>8</type>
          <description>file_content_as_base64</description>
          <errorCodeMappingType>Static</errorCodeMappingType>
          <variableAccessScope>Public</variableAccessScope>
        </ParameterDetails>
        <ParameterDetails>
          <name>OPTIONAL_DIRECTORY</name>
          <type>8</type>
          <description>optional_directory</description>
          <errorCodeMappingType>Static</errorCodeMappingType>
          <variableAccessScope>Public</variableAccessScope>
        </ParameterDetails>
      </Inputs>
      <Outputs>
        <ParameterDetails>
          <name>BLOB_STORAGE_RESPONSE</name>
          <type>32748</type>
          <description>Blob_Storage_Response</description>
          <errorCodeMappingType>Static</errorCodeMappingType>
          <variableAccessScope>Public</variableAccessScope>
        </ParameterDetails>
      </Outputs>
    </Data>
    <LastModifiedDate>2024-03-05T19:07:09.337</LastModifiedDate>
    <LastModifiedBy>
      <Id>2C90EEF0FEC5474AA18CFC3B931EDF1B</Id>
      <AutomaticallyPopulate>true</AutomaticallyPopulate>
      <ResourceType>Worker</ResourceType>
      <EmailAddress />
      <UserId />
      <ManagerialLevel>0</ManagerialLevel>
    </LastModifiedBy>
  </CustomService>
  <CustomService>
    <Identity>
      <Id>B6D9FB6BA61D400D8BA5A83EF840CA56</Id>
      <Name>Blob Storage - Get Connection String</Name>
      <Version>5</Version>
      <Group>
        <Id>0E05FD112C2C49168FB44C6B61B294FF</Id>
        <Name>Azure Blob Storage</Name>
      </Group>
    </Identity>
    <Category>
      <Id>83FF849E4D0249D0A574CD6A79A600D8</Id>
      <AutomaticallyPopulate>true</AutomaticallyPopulate>
      <Name />
      <Description />
    </Category>
    <Data>
      <Owner />
      <Inputs>
        <ParameterDetails>
          <name>AZURE_STORAGE_ACCOUNT_CONTAINER</name>
          <type>8</type>
          <description>azure_storage_account_container</description>
          <errorCodeMappingType>Static</errorCodeMappingType>
          <variableAccessScope>Public</variableAccessScope>
        </ParameterDetails>
      </Inputs>
      <Outputs>
        <ParameterDetails>
          <name>AZURE_CONNECTION_STING</name>
          <type>8</type>
          <description>azure_connection_sting</description>
          <errorCodeMappingType>Static</errorCodeMappingType>
          <variableAccessScope>Public</variableAccessScope>
        </ParameterDetails>
      </Outputs>
    </Data>
    <LastModifiedDate>2024-03-05T19:07:40.183</LastModifiedDate>
    <LastModifiedBy>
      <Id>2C90EEF0FEC5474AA18CFC3B931EDF1B</Id>
      <AutomaticallyPopulate>true</AutomaticallyPopulate>
      <ResourceType>Worker</ResourceType>
      <EmailAddress />
      <UserId />
      <ManagerialLevel>0</ManagerialLevel>
    </LastModifiedBy>
  </CustomService>
  <CustomService>
    <Identity>
      <Id>CD2CAE51DE0149BD8433AB7D9BDC6F4A</Id>
      <Name>Blob Storage - Read File</Name>
      <Version>8</Version>
      <Group>
        <Id>0E05FD112C2C49168FB44C6B61B294FF</Id>
        <Name>Azure Blob Storage</Name>
      </Group>
    </Identity>
    <Category>
      <Id>83FF849E4D0249D0A574CD6A79A600D8</Id>
      <AutomaticallyPopulate>true</AutomaticallyPopulate>
      <Name />
      <Description />
    </Category>
    <Data>
      <Owner />
      <Inputs>
        <ParameterDetails>
          <name>AZURE_STORAGE_ACCOUNT_CONTAINER</name>
          <type>8</type>
          <description>azure_storage_account_container</description>
          <errorCodeMappingType>Static</errorCodeMappingType>
          <variableAccessScope>Public</variableAccessScope>
        </ParameterDetails>
        <ParameterDetails>
          <name>FILE_NAME</name>
          <type>8</type>
          <description>file_name</description>
          <errorCodeMappingType>Static</errorCodeMappingType>
          <variableAccessScope>Public</variableAccessScope>
        </ParameterDetails>
        <ParameterDetails>
          <name>OPTIONAL_DIRECTORY</name>
          <type>8</type>
          <description>optional_directory</description>
          <errorCodeMappingType>Static</errorCodeMappingType>
          <variableAccessScope>Public</variableAccessScope>
        </ParameterDetails>
      </Inputs>
      <Outputs>
        <ParameterDetails>
          <name>FILE_CONTENT_AS_BASE64</name>
          <type>8</type>
          <description>file_content_as_base64</description>
          <errorCodeMappingType>Static</errorCodeMappingType>
          <variableAccessScope>Public</variableAccessScope>
        </ParameterDetails>
      </Outputs>
    </Data>
    <LastModifiedDate>2024-03-05T19:29:48.353</LastModifiedDate>
    <LastModifiedBy>
      <Id>2C90EEF0FEC5474AA18CFC3B931EDF1B</Id>
      <AutomaticallyPopulate>true</AutomaticallyPopulate>
      <ResourceType>Worker</ResourceType>
      <EmailAddress />
      <UserId />
      <ManagerialLevel>0</ManagerialLevel>
    </LastModifiedBy>
  </CustomService>
  <CustomService>
    <Identity>
      <Id>D98B2C2B52274E689F091A92DAEC4B78</Id>
      <Name>Utility - Escape JSON</Name>
      <Version>3</Version>
      <Group>
        <Id>0E05FD112C2C49168FB44C6B61B294FF</Id>
        <Name>Azure Blob Storage</Name>
      </Group>
    </Identity>
    <Category>
      <Id>83FF849E4D0249D0A574CD6A79A600D8</Id>
      <AutomaticallyPopulate>true</AutomaticallyPopulate>
      <Name />
      <Description />
    </Category>
    <Data>
      <Owner />
      <Inputs>
        <ParameterDetails>
          <name>TEXT</name>
          <type>8</type>
          <description>Text</description>
          <errorCodeMappingType>Static</errorCodeMappingType>
          <variableAccessScope>Public</variableAccessScope>
        </ParameterDetails>
      </Inputs>
      <Outputs>
        <ParameterDetails>
          <name>TEXT</name>
          <type>8</type>
          <description>Text</description>
          <errorCodeMappingType>Static</errorCodeMappingType>
          <variableAccessScope>Public</variableAccessScope>
        </ParameterDetails>
      </Outputs>
    </Data>
    <LastModifiedDate>2024-03-05T17:04:04.09</LastModifiedDate>
    <LastModifiedBy>
      <Id>2C90EEF0FEC5474AA18CFC3B931EDF1B</Id>
      <AutomaticallyPopulate>true</AutomaticallyPopulate>
      <ResourceType>Worker</ResourceType>
      <EmailAddress />
      <UserId />
      <ManagerialLevel>0</ManagerialLevel>
    </LastModifiedBy>
  </CustomService>
  <CustomService>
    <Identity>
      <Id>F1C0777E41EE401EA133C09C83183E50</Id>
      <Name>Blob Storage - Delete File</Name>
      <Version>5</Version>
      <Group>
        <Id>0E05FD112C2C49168FB44C6B61B294FF</Id>
        <Name>Azure Blob Storage</Name>
      </Group>
    </Identity>
    <Category>
      <Id>83FF849E4D0249D0A574CD6A79A600D8</Id>
      <AutomaticallyPopulate>true</AutomaticallyPopulate>
      <Name />
      <Description />
    </Category>
    <Data>
      <Owner />
      <Inputs>
        <ParameterDetails>
          <name>AZURE_STORAGE_ACCOUNT_CONTAINER</name>
          <type>8</type>
          <description>azure_storage_account_container</description>
          <errorCodeMappingType>Static</errorCodeMappingType>
          <variableAccessScope>Public</variableAccessScope>
        </ParameterDetails>
        <ParameterDetails>
          <name>FILE_NAME</name>
          <type>8</type>
          <description>file_name</description>
          <errorCodeMappingType>Static</errorCodeMappingType>
          <variableAccessScope>Public</variableAccessScope>
        </ParameterDetails>
        <ParameterDetails>
          <name>OPTIONAL_DIRECTORY</name>
          <type>8</type>
          <description>optional_directory</description>
          <errorCodeMappingType>Static</errorCodeMappingType>
          <variableAccessScope>Public</variableAccessScope>
        </ParameterDetails>
      </Inputs>
      <Outputs>
        <ParameterDetails>
          <name>BLOB_STORAGE_RESPONSE</name>
          <type>32748</type>
          <description>Blob_Storage_Response</description>
          <errorCodeMappingType>Static</errorCodeMappingType>
          <variableAccessScope>Public</variableAccessScope>
        </ParameterDetails>
      </Outputs>
    </Data>
    <LastModifiedDate>2024-03-05T19:07:32.67</LastModifiedDate>
    <LastModifiedBy>
      <Id>2C90EEF0FEC5474AA18CFC3B931EDF1B</Id>
      <AutomaticallyPopulate>true</AutomaticallyPopulate>
      <ResourceType>Worker</ResourceType>
      <EmailAddress />
      <UserId />
      <ManagerialLevel>0</ManagerialLevel>
    </LastModifiedBy>
  </CustomService>
</ArrayOfCustomService>