<?xml version="1.0" encoding="utf-16"?>
<ArrayOfCustomServiceGroup xmlns:xsd="http://www.w3.org/2001/XMLSchema" xmlns:xsi="http://www.w3.org/2001/XMLSchema-instance">
  <CustomServiceGroup>
    <Identity>
      <Id>0E05FD112C2C49168FB44C6B61B294FF</Id>
      <Name>Azure Blob Storage</Name>
    </Identity>
    <DesignTimeType>10060</DesignTimeType>
    <Category>
      <Id>83FF849E4D0249D0A574CD6A79A600D8</Id>
      <AutomaticallyPopulate>true</AutomaticallyPopulate>
      <Name />
      <Description />
    </Category>
    <LastModifiedDate>2024-03-01T15:52:29.107</LastModifiedDate>
    <LastModifiedBy>
      <Id>2C90EEF0FEC5474AA18CFC3B931EDF1B</Id>
      <AutomaticallyPopulate>true</AutomaticallyPopulate>
      <ResourceType>Worker</ResourceType>
      <EmailAddress />
      <UserId />
      <ManagerialLevel>0</ManagerialLevel>
    </LastModifiedBy>
  </CustomServiceGroup>
</ArrayOfCustomServiceGroup>