<?xml version="1.0" encoding="utf-16"?>
<ArrayOfWebService xmlns:xsd="http://www.w3.org/2001/XMLSchema" xmlns:xsi="http://www.w3.org/2001/XMLSchema-instance">
  <WebService>
    <WebServiceIdentity>
      <Id>7A16F0F6BBC44628BF71074D51ED6A3B</Id>
      <AutomaticallyPopulate>true</AutomaticallyPopulate>
      <Name>Blob Storage Helper</Name>
      <LatestProxyDllName />
    </WebServiceIdentity>
    <CategoryIdentity>
      <Id>83FF849E4D0249D0A574CD6A79A600D8</Id>
      <AutomaticallyPopulate>true</AutomaticallyPopulate>
      <Name />
      <Description />
    </CategoryIdentity>
    <ProxyDllName />
    <WebServiceSettings>&lt;?xml version="1.0" encoding="utf-16"?&gt;
&lt;WebServiceSettingsEntity xmlns:xsd="http://www.w3.org/2001/XMLSchema" xmlns:xsi="http://www.w3.org/2001/XMLSchema-instance"&gt;
  &lt;UserName /&gt;
  &lt;Password /&gt;
  &lt;WcfEnabled&gt;false&lt;/WcfEnabled&gt;
  &lt;RestfulWebService&gt;true&lt;/RestfulWebService&gt;
  &lt;EndPointUrl /&gt;
  &lt;HttpHeaders /&gt;
  &lt;OpenAPIEnabled&gt;false&lt;/OpenAPIEnabled&gt;
  &lt;UseClientCertificate&gt;false&lt;/UseClientCertificate&gt;
  &lt;ClientCertificate&gt;
    &lt;CertificateChanged&gt;false&lt;/CertificateChanged&gt;
    &lt;PasswordChanged&gt;false&lt;/PasswordChanged&gt;
  &lt;/ClientCertificate&gt;
  &lt;CredentialsExternalStorage&gt;false&lt;/CredentialsExternalStorage&gt;
  &lt;CredentialsSecretNameVars&gt;
    &lt;JobVariable&gt;
      &lt;Id&gt;UserNameSecret&lt;/Id&gt;
      &lt;VariableType&gt;String&lt;/VariableType&gt;
      &lt;Value xsi:type="xsd:string" /&gt;
      &lt;Version&gt;0&lt;/Version&gt;
      &lt;ChangeStatus&gt;Unchanged&lt;/ChangeStatus&gt;
      &lt;VariableCategory&gt;VariableNotFound&lt;/VariableCategory&gt;
      &lt;Dynamic&gt;false&lt;/Dynamic&gt;
      &lt;DisplayName&gt;User name secret&lt;/DisplayName&gt;
      &lt;VariableDisplayProperties&gt;
        &lt;VariableIdentity&gt;
          &lt;Id /&gt;
          &lt;Version&gt;0&lt;/Version&gt;
          &lt;OwnerId /&gt;
          &lt;DisplayName /&gt;
          &lt;Name /&gt;
        &lt;/VariableIdentity&gt;
        &lt;StringVariableDisplayProperties&gt;
          &lt;VariableControlType&gt;Singleline&lt;/VariableControlType&gt;
          &lt;MaxNumberOfCharacters&gt;0&lt;/MaxNumberOfCharacters&gt;
          &lt;LookupIdentity /&gt;
          &lt;StaticData /&gt;
          &lt;Mandatory&gt;false&lt;/Mandatory&gt;
        &lt;/StringVariableDisplayProperties&gt;
        &lt;MinDate xsi:nil="true" /&gt;
        &lt;MaxDate xsi:nil="true" /&gt;
        &lt;DecimalPrecision&gt;0&lt;/DecimalPrecision&gt;
        &lt;ShowTime&gt;false&lt;/ShowTime&gt;
      &lt;/VariableDisplayProperties&gt;
      &lt;DataModelIdentity&gt;
        &lt;Id /&gt;
        &lt;Version&gt;0&lt;/Version&gt;
        &lt;Name /&gt;
      &lt;/DataModelIdentity&gt;
      &lt;BaseVariableType&gt;Empty&lt;/BaseVariableType&gt;
    &lt;/JobVariable&gt;
    &lt;JobVariable&gt;
      &lt;Id&gt;PasswordSecret&lt;/Id&gt;
      &lt;VariableType&gt;String&lt;/VariableType&gt;
      &lt;Value xsi:type="xsd:string" /&gt;
      &lt;Version&gt;0&lt;/Version&gt;
      &lt;ChangeStatus&gt;Unchanged&lt;/ChangeStatus&gt;
      &lt;VariableCategory&gt;VariableNotFound&lt;/VariableCategory&gt;
      &lt;Dynamic&gt;false&lt;/Dynamic&gt;
      &lt;DisplayName&gt;Password secret&lt;/DisplayName&gt;
      &lt;VariableDisplayProperties&gt;
        &lt;VariableIdentity&gt;
          &lt;Id /&gt;
          &lt;Version&gt;0&lt;/Version&gt;
          &lt;OwnerId /&gt;
          &lt;DisplayName /&gt;
          &lt;Name /&gt;
        &lt;/VariableIdentity&gt;
        &lt;StringVariableDisplayProperties&gt;
          &lt;VariableControlType&gt;Singleline&lt;/VariableControlType&gt;
          &lt;MaxNumberOfCharacters&gt;0&lt;/MaxNumberOfCharacters&gt;
          &lt;LookupIdentity /&gt;
          &lt;StaticData /&gt;
          &lt;Mandatory&gt;false&lt;/Mandatory&gt;
        &lt;/StringVariableDisplayProperties&gt;
        &lt;MinDate xsi:nil="true" /&gt;
        &lt;MaxDate xsi:nil="true" /&gt;
        &lt;DecimalPrecision&gt;0&lt;/DecimalPrecision&gt;
        &lt;ShowTime&gt;false&lt;/ShowTime&gt;
      &lt;/VariableDisplayProperties&gt;
      &lt;DataModelIdentity&gt;
        &lt;Id /&gt;
        &lt;Version&gt;0&lt;/Version&gt;
        &lt;Name /&gt;
      &lt;/DataModelIdentity&gt;
      &lt;BaseVariableType&gt;Empty&lt;/BaseVariableType&gt;
    &lt;/JobVariable&gt;
  &lt;/CredentialsSecretNameVars&gt;
  &lt;PasswordChanged&gt;false&lt;/PasswordChanged&gt;
&lt;/WebServiceSettingsEntity&gt;</WebServiceSettings>
    <LastModifiedDate>0001-01-01T00:00:00</LastModifiedDate>
    <OverwriteExisting>false</OverwriteExisting>
    <WebServiceSettingsEntity>
      <UserName />
      <Password />
      <WcfEnabled>false</WcfEnabled>
      <RestfulWebService>true</RestfulWebService>
      <EndPointUrl />
      <HttpHeaders />
      <OpenAPIEnabled>false</OpenAPIEnabled>
      <UseClientCertificate>false</UseClientCertificate>
      <ClientCertificate>
        <CertificateChanged>false</CertificateChanged>
        <PasswordChanged>false</PasswordChanged>
      </ClientCertificate>
      <CredentialsExternalStorage>false</CredentialsExternalStorage>
      <CredentialsSecretNameVars>
        <JobVariable>
          <Id>UserNameSecret</Id>
          <VariableType>String</VariableType>
          <Value xsi:type="xsd:string" />
          <Version>0</Version>
          <ChangeStatus>Unchanged</ChangeStatus>
          <VariableCategory>VariableNotFound</VariableCategory>
          <Dynamic>false</Dynamic>
          <DisplayName>User name secret</DisplayName>
          <VariableDisplayProperties>
            <VariableIdentity>
              <Id />
              <Version>0</Version>
              <OwnerId />
              <DisplayName />
              <Name />
            </VariableIdentity>
            <StringVariableDisplayProperties>
              <VariableControlType>Singleline</VariableControlType>
              <MaxNumberOfCharacters>0</MaxNumberOfCharacters>
              <LookupIdentity />
              <StaticData />
              <Mandatory>false</Mandatory>
            </StringVariableDisplayProperties>
            <MinDate xsi:nil="true" />
            <MaxDate xsi:nil="true" />
            <DecimalPrecision>0</DecimalPrecision>
            <ShowTime>false</ShowTime>
          </VariableDisplayProperties>
          <DataModelIdentity>
            <Id />
            <Version>0</Version>
            <Name />
          </DataModelIdentity>
          <BaseVariableType>Empty</BaseVariableType>
        </JobVariable>
        <JobVariable>
          <Id>PasswordSecret</Id>
          <VariableType>String</VariableType>
          <Value xsi:type="xsd:string" />
          <Version>0</Version>
          <ChangeStatus>Unchanged</ChangeStatus>
          <VariableCategory>VariableNotFound</VariableCategory>
          <Dynamic>false</Dynamic>
          <DisplayName>Password secret</DisplayName>
          <VariableDisplayProperties>
            <VariableIdentity>
              <Id />
              <Version>0</Version>
              <OwnerId />
              <DisplayName />
              <Name />
            </VariableIdentity>
            <StringVariableDisplayProperties>
              <VariableControlType>Singleline</VariableControlType>
              <MaxNumberOfCharacters>0</MaxNumberOfCharacters>
              <LookupIdentity />
              <StaticData />
              <Mandatory>false</Mandatory>
            </StringVariableDisplayProperties>
            <MinDate xsi:nil="true" />
            <MaxDate xsi:nil="true" />
            <DecimalPrecision>0</DecimalPrecision>
            <ShowTime>false</ShowTime>
          </VariableDisplayProperties>
          <DataModelIdentity>
            <Id />
            <Version>0</Version>
            <Name />
          </DataModelIdentity>
          <BaseVariableType>Empty</BaseVariableType>
        </JobVariable>
      </CredentialsSecretNameVars>
      <PasswordChanged>false</PasswordChanged>
    </WebServiceSettingsEntity>
    <ServiceUrl>https://sew-blobstoragehelper.azurewebsites.net/api/blobstoragehelper</ServiceUrl>
  </WebService>
</ArrayOfWebService>