<processmaps xmlns:dt="urn:schemas-microsoft-com:datatypes" dbversion="8.0" parentprocessmapversion="5.000000" parentprocessmapid="B6D9FB6BA61D400D8BA5A83EF840CA56"><foldertypelist /><processmap><procdata><mapid>B6D9FB6BA61D400D8BA5A83EF840CA56</mapid><mapname>Blob Storage - Get Connection String</mapname><mapauthor>Tom Coppock</mapauthor><mapauthorid>2C90EEF0FEC5474AA18CFC3B931EDF1B</mapauthorid><maptrackstorejvh>0</maptrackstorejvh><helptext></helptext><lastmodified>2C90EEF0FEC5474AA18CFC3B931EDF1B</lastmodified><allocationalgorithm>0</allocationalgorithm><arrowstyle>0</arrowstyle><arrowweighting>0</arrowweighting><designtimesettings>&lt;designtimesettings&gt;&lt;annotations /&gt;&lt;attachments /&gt;&lt;collaborationnodes /&gt;&lt;groupartifacts /&gt;&lt;pools&gt;&lt;pool&gt;&lt;xposition&gt;25&lt;/xposition&gt;&lt;yposition&gt;25&lt;/yposition&gt;&lt;width&gt;1400&lt;/width&gt;&lt;height&gt;600&lt;/height&gt;&lt;name&gt;New process&lt;/name&gt;&lt;id&gt;5128389F165B2E28F55E4A34154DB4E9&lt;/id&gt;&lt;type&gt;0&lt;/type&gt;&lt;lanes&gt;&lt;lane&gt;&lt;name&gt;Lane1&lt;/name&gt;&lt;index&gt;0&lt;/index&gt;&lt;poolid&gt;5128389F165B2E28F55E4A34154DB4E9&lt;/poolid&gt;&lt;height&gt;600&lt;/height&gt;&lt;/lane&gt;&lt;/lanes&gt;&lt;/pool&gt;&lt;/pools&gt;&lt;messageflows /&gt;&lt;layoutdirection&gt;Horizontal&lt;/layoutdirection&gt;&lt;layouttype&gt;ProcessTree&lt;/layouttype&gt;&lt;zoomfactor&gt;100&lt;/zoomfactor&gt;&lt;viewactivitycost&gt;False&lt;/viewactivitycost&gt;&lt;viewactivityduration&gt;False&lt;/viewactivityduration&gt;&lt;viewactivityresources&gt;False&lt;/viewactivityresources&gt;&lt;viewgroups&gt;False&lt;/viewgroups&gt;&lt;viewpools&gt;False&lt;/viewpools&gt;&lt;compatiblewithallcasedefversions&gt;0&lt;/compatiblewithallcasedefversions&gt;&lt;hasdocumentset&gt;False&lt;/hasdocumentset&gt;&lt;startnodes&gt;&lt;startnode&gt;&lt;designtimesettings&gt;&lt;xposition&gt;45&lt;/xposition&gt;&lt;yposition&gt;392&lt;/yposition&gt;&lt;width&gt;30&lt;/width&gt;&lt;height&gt;30&lt;/height&gt;&lt;inheritcolorfromsystem&gt;True&lt;/inheritcolorfromsystem&gt;&lt;colour&gt;#62A716&lt;/colour&gt;&lt;eventtype&gt;Default&lt;/eventtype&gt;&lt;name&gt;Start&lt;/name&gt;&lt;textposition&gt;Top&lt;/textposition&gt;&lt;conditionpathdescription /&gt;&lt;lane&gt;&lt;name /&gt;&lt;index&gt;0&lt;/index&gt;&lt;poolid /&gt;&lt;height&gt;0&lt;/height&gt;&lt;/lane&gt;&lt;annotations /&gt;&lt;attachments /&gt;&lt;/designtimesettings&gt;&lt;/startnode&gt;&lt;/startnodes&gt;&lt;redraw&gt;False&lt;/redraw&gt;&lt;/designtimesettings&gt;</designtimesettings><attachments></attachments><annotations></annotations><formsections></formsections><form></form><categoryid>83FF849E4D0249D0A574CD6A79A600D8</categoryid><targetdays>0</targetdays><targethours>0</targethours><targetmins>0</targetmins><targetsecs>0</targetsecs><priority>1</priority><transactional>0</transactional><backgroundcolour>0</backgroundcolour><version>5.000000</version><cost>0.000000</cost><creationdate>2024-03-01T17:10:29</creationdate><changedate>2024-03-05T19:07:40</changedate><description>Returns a connection string to access files in a storage container</description><status>2</status><newmap>0</newmap><archivefinishedjobs>0</archivefinishedjobs><straightthrough>1</straightthrough><poolid>0</poolid><dynexpfinishtimevar></dynexpfinishtimevar><mapmilestonesrvstdtag /><mapmilestonescopetag>0</mapmilestonescopetag><mapmilestonetag /><dynamicbudget></dynamicbudget><budget>0.000000</budget><processtype>6</processtype><processtypestring>CustomService</processtypestring><associatedcaseid></associatedcaseid><associatedcase></associatedcase><latestcaseversion>0.000000</latestcaseversion><prefixvariable>0</prefixvariable><completioneventmapid></completioneventmapid><completioneventmapname></completioneventmapname><assocjobsoncompletion>0</assocjobsoncompletion><sendemail>0</sendemail><emailto>0</emailto><subjecttext></subjecttext><subjectvar></subjectvar><contenttext></contenttext><contentvar></contentvar><urltext></urltext><urlvar></urlvar><appendassocfile>0</appendassocfile><initialisationvariables><initialisationvariable><varname>AZURE_STORAGE_ACCOUNT_CONTAINER</varname></initialisationvariable></initialisationvariables><outputvariables><outputvariable><varid>AZURE_CONNECTION_STING</varid></outputvariable></outputvariables><maintenanceaccess><resource><resourcetype>3</resourcetype><resourcename>Everyone</resourcename><resourceid>7DF43CCDF24611D2804B00104B71BD15</resourceid><serverid>7F6AEA32D2AA25489457A4E4F29CFA6B</serverid><unavailability>Default</unavailability><accesstype>0</accesstype><seqassignorder>0</seqassignorder><excluded>0</excluded></resource></maintenanceaccess><creationaccess /><suspendaccess /><terminateaccess /><restartaccess /><holdaccess /><customiseaccess /><jobdetailviewaccess /><scanvrsprofileaccess /><separationprofileaccess /><updatedocumentcontaineraccess /><editbusinessdataaccess><resource><resourcetype>3</resourcetype><resourcename>Everyone</resourcename><resourceid>7DF43CCDF24611D2804B00104B71BD15</resourceid><serverid>7F6AEA32D2AA25489457A4E4F29CFA6B</serverid><unavailability>Default</unavailability><accesstype>0</accesstype><seqassignorder>0</seqassignorder><excluded>0</excluded></resource></editbusinessdataaccess><defaultusableresources><resource><resourcetype>3</resourcetype><resourcename>Everyone</resourcename><resourceid>7DF43CCDF24611D2804B00104B71BD15</resourceid><serverid>7F6AEA32D2AA25489457A4E4F29CFA6B</serverid><unavailability>Default</unavailability><accesstype>0</accesstype><seqassignorder>0</seqassignorder><excluded>0</excluded></resource></defaultusableresources><exceptions><exception><exceptioncode>EXP0004</exceptioncode><processmapid /><processmapname /><description>Invoked when the cost of job exceeds the expected value.</description><version>0.000000</version><serveronly>0</serveronly></exception><exception><exceptioncode>EXP0005</exceptioncode><processmapid /><processmapname /><description>Invoked when a job exceeds its expected duration.</description><version>0.000000</version><serveronly>0</serveronly></exception><exception><exceptioncode>EXP0006</exceptioncode><processmapid /><processmapname /><description>Invoked when an activity exceeds its expected duration.</description><version>0.000000</version><serveronly>0</serveronly></exception><exception><exceptioncode>EXP0009</exceptioncode><processmapid /><processmapname /><description>Invoked when a Script Object fails to execute automatically.</description><version>0.000000</version><serveronly>0</serveronly></exception><exception><exceptioncode>EXP0010</exceptioncode><processmapid /><processmapname /><description>Invoked when a process is stalled.</description><version>0.000000</version><serveronly>0</serveronly></exception><exception><exceptioncode>EXP0013</exceptioncode><processmapid /><processmapname /><description>Invoked when an activity crosses the due date.</description><version>0.000000</version><serveronly>0</serveronly></exception><exception><exceptioncode>EXP0017</exceptioncode><processmapid /><processmapname /><description>Invoked when synchronous processing fails.</description><version>0.000000</version><serveronly>0</serveronly></exception><exception><exceptioncode>EXP0018</exceptioncode><processmapid /><processmapname /><description>Invoked when no usable resource is assigned to an activity.</description><version>0.000000</version><serveronly>0</serveronly></exception><exception><exceptioncode>EXP0019</exceptioncode><processmapid /><processmapname /><description>Invoked when a .NET object fails to execute.</description><version>0.000000</version><serveronly>0</serveronly></exception><exception><exceptioncode>EXP0020</exceptioncode><processmapid /><processmapname /><description>Invoked when a Web Service object fails to execute.</description><version>0.000000</version><serveronly>0</serveronly></exception><exception><exceptioncode>EXP0022</exceptioncode><processmapid>964BDF2D9E446A8123BE0B5C17EAA9C4</processmapid><processmapname>Exception: C# Script Activity Failed</processmapname><description>Invoked when a C# Script activity fails to execute when running automatically.</description><version>0.000000</version><serveronly>0</serveronly></exception><exception><exceptioncode>EXP0023</exceptioncode><processmapid>CB9430995DB4409784D5E7F8C003BAE1</processmapid><processmapname>Exception: VB .NET Script Activity Fail</processmapname><description>Invoked when a VB .NET Script activity fails to execute.</description><version>0.000000</version><serveronly>0</serveronly></exception><exception><exceptioncode>EXP0025</exceptioncode><processmapid /><processmapname /><description>Invoked when a Data Access activity fails to execute.</description><version>0.000000</version><serveronly>0</serveronly></exception><exception><exceptioncode>EXP0036</exceptioncode><processmapid /><processmapname /><description>Invoked when the transfer of documents to another server fails to execute.</description><version>0.000000</version><serveronly>0</serveronly></exception><exception><exceptioncode>EXP0038</exceptioncode><processmapid /><processmapname /><description>Invoked when any automatic activity fails to execute.</description><version>0.000000</version><serveronly>0</serveronly></exception></exceptions><states /><milestones /><bpescalations /><serverid>7F6AEA32D2AA25489457A4E4F29CFA6B</serverid><xmlexpressionlist /><ragstatus><amberthreshold>0</amberthreshold><redthreshold>0</redthreshold><blackthreshold>0</blackthreshold><purplethreshold>0</purplethreshold></ragstatus><casedefcomruntime_data /><archivetopi>0</archivetopi><runtime_settings>0</runtime_settings><process_owner_id></process_owner_id><score_rule></score_rule><map_valid_from /><map_valid_to /><captureenabled>0</captureenabled><iscaptureprocess>0</iscaptureprocess><reportingtag></reportingtag><settingsxml>&lt;?xml version="1.0" encoding="utf-16"?&gt;
&lt;BusinessProcessSettings xmlns:xsd="http://www.w3.org/2001/XMLSchema" xmlns:xsi="http://www.w3.org/2001/XMLSchema-instance"&gt;
  &lt;CaptureProcessSettings&gt;
    &lt;ClassificationGroup&gt;
      &lt;Id /&gt;
      &lt;AutomaticallyPopulate&gt;true&lt;/AutomaticallyPopulate&gt;
      &lt;Version&gt;0&lt;/Version&gt;
      &lt;Name /&gt;
    &lt;/ClassificationGroup&gt;
    &lt;ScanVrsProfiles&gt;
      &lt;ScanVrsProfileIdentity&gt;
        &lt;Id&gt;C525FA863EB74348961543C740ED00A0&lt;/Id&gt;
        &lt;Name&gt;Default&lt;/Name&gt;
      &lt;/ScanVrsProfileIdentity&gt;
    &lt;/ScanVrsProfiles&gt;
    &lt;SeparationProfile /&gt;
    &lt;BarcodePatchcodeProfile /&gt;
    &lt;DefaultScanVrsProfile&gt;
      &lt;Id&gt;C525FA863EB74348961543C740ED00A0&lt;/Id&gt;
      &lt;Name&gt;Default&lt;/Name&gt;
    &lt;/DefaultScanVrsProfile&gt;
    &lt;DocConversionProfiles /&gt;
    &lt;DefaultDocConversionProfile /&gt;
    &lt;SaveScannedImageAsPageRendition&gt;false&lt;/SaveScannedImageAsPageRendition&gt;
    &lt;PageRendition&gt;0&lt;/PageRendition&gt;
    &lt;PdfTextExtractionMode&gt;0&lt;/PdfTextExtractionMode&gt;
    &lt;AllowRotateReorderImportedImages&gt;true&lt;/AllowRotateReorderImportedImages&gt;
    &lt;AllowSplitMergeDeleteImportedDocument&gt;true&lt;/AllowSplitMergeDeleteImportedDocument&gt;
    &lt;PdfTextWordSeparationChars&gt;/:()-#&lt;/PdfTextWordSeparationChars&gt;
  &lt;/CaptureProcessSettings&gt;
  &lt;RetentionPolicySettings&gt;
    &lt;KeepForever&gt;true&lt;/KeepForever&gt;
    &lt;RetentionPolicyDuration&gt;
      &lt;Years&gt;1&lt;/Years&gt;
      &lt;Months&gt;0&lt;/Months&gt;
      &lt;Days&gt;0&lt;/Days&gt;
      &lt;Hours&gt;0&lt;/Hours&gt;
      &lt;Minutes&gt;0&lt;/Minutes&gt;
    &lt;/RetentionPolicyDuration&gt;
  &lt;/RetentionPolicySettings&gt;
  &lt;MaximumLoopCount&gt;0&lt;/MaximumLoopCount&gt;
  &lt;ShowSpecificOutputVariables&gt;true&lt;/ShowSpecificOutputVariables&gt;
  &lt;VariableDisplayPropertiesCollection&gt;
    &lt;VariableDisplayProperties&gt;
      &lt;VariableIdentity&gt;
        &lt;Id&gt;AZURE_CONNECTION_STING&lt;/Id&gt;
        &lt;Version&gt;0&lt;/Version&gt;
        &lt;OwnerId /&gt;
        &lt;DisplayName&gt;azure_connection_sting&lt;/DisplayName&gt;
        &lt;Name /&gt;
      &lt;/VariableIdentity&gt;
      &lt;StringVariableDisplayProperties&gt;
        &lt;VariableControlType&gt;Singleline&lt;/VariableControlType&gt;
        &lt;MaxNumberOfCharacters&gt;10000&lt;/MaxNumberOfCharacters&gt;
        &lt;LookupIdentity /&gt;
        &lt;StaticData /&gt;
        &lt;Mandatory&gt;false&lt;/Mandatory&gt;
      &lt;/StringVariableDisplayProperties&gt;
      &lt;MinDate xsi:nil="true" /&gt;
      &lt;MaxDate xsi:nil="true" /&gt;
      &lt;DecimalPrecision&gt;0&lt;/DecimalPrecision&gt;
      &lt;LabelText&gt;azure_connection_sting&lt;/LabelText&gt;
      &lt;ShowTime&gt;false&lt;/ShowTime&gt;
    &lt;/VariableDisplayProperties&gt;
    &lt;VariableDisplayProperties&gt;
      &lt;VariableIdentity&gt;
        &lt;Id&gt;AZURE_STORAGE_ACCOUNT_CONTAINER&lt;/Id&gt;
        &lt;Version&gt;0&lt;/Version&gt;
        &lt;OwnerId /&gt;
        &lt;DisplayName&gt;azure_storage_account_container&lt;/DisplayName&gt;
        &lt;Name /&gt;
      &lt;/VariableIdentity&gt;
      &lt;StringVariableDisplayProperties&gt;
        &lt;VariableControlType&gt;Singleline&lt;/VariableControlType&gt;
        &lt;MaxNumberOfCharacters&gt;10000&lt;/MaxNumberOfCharacters&gt;
        &lt;LookupIdentity /&gt;
        &lt;StaticData /&gt;
        &lt;Mandatory&gt;false&lt;/Mandatory&gt;
      &lt;/StringVariableDisplayProperties&gt;
      &lt;MinDate xsi:nil="true" /&gt;
      &lt;MaxDate xsi:nil="true" /&gt;
      &lt;DecimalPrecision&gt;0&lt;/DecimalPrecision&gt;
      &lt;LabelText&gt;azure_storage_account_container&lt;/LabelText&gt;
      &lt;ShowTime&gt;false&lt;/ShowTime&gt;
    &lt;/VariableDisplayProperties&gt;
  &lt;/VariableDisplayPropertiesCollection&gt;
  &lt;CustomServiceImageFileName&gt;connection_string.png&lt;/CustomServiceImageFileName&gt;
  &lt;DataObjectVariableFieldMappingCollection /&gt;
&lt;/BusinessProcessSettings&gt;</settingsxml><associateddotnetreferences /><processnotes /><cnjformidentity><id /><name /></cnjformidentity><hasdocumentcontainer>0</hasdocumentcontainer><hasdocumentset>0</hasdocumentset><customserviceowner></customserviceowner><customservicegroupidentity><customservicegroupid>0E05FD112C2C49168FB44C6B61B294FF</customservicegroupid><customservicegroupname>Azure Blob Storage</customservicegroupname></customservicegroupidentity><comments></comments></procdata><entitylist></entitylist><variableslist><variable><varname>AZURE_CONNECTION_STING</varname><vartype>8</vartype><varvalue xml:space="preserve"></varvalue><dynamic>0</dynamic><used_in_skin>0</used_in_skin><entityid>4FEE4E069417475DAC5D2C2E5C95CA49</entityid><entityname>Default Data Grouping</entityname><vardisplayname>azure_connection_sting</vardisplayname><variablemembers /></variable><variable><varname>AZURE_STORAGE_ACCOUNT_CONTAINER</varname><vartype>8</vartype><varvalue xml:space="preserve"></varvalue><dynamic>0</dynamic><used_in_skin>0</used_in_skin><entityid>4FEE4E069417475DAC5D2C2E5C95CA49</entityid><entityname>Default Data Grouping</entityname><vardisplayname>azure_storage_account_container</vardisplayname><variablemembers /></variable><variable><varname>BLOB_STORAGE_REQUEST</varname><vartype>32748</vartype><varvalue>{"ModelIdentity":{"Id":"CE3A08349D724327EBA7205093C891D8","Name":"Blob Storage Helper Request Data Model"},"Fields":[]}</varvalue><dynamic>0</dynamic><used_in_skin>0</used_in_skin><entityid>4FEE4E069417475DAC5D2C2E5C95CA49</entityid><entityname>Default Data Grouping</entityname><vardisplayname>Blob_Storage_Request</vardisplayname><variablemembers /></variable><variable><varname>BLOB_STORAGE_RESPONSE</varname><vartype>32748</vartype><varvalue>{"ModelIdentity":{"Id":"36C2F0C945B9E78186B109A50207E17E","Name":"Blob Storage Helper Response Data Model"},"Fields":[]}</varvalue><dynamic>0</dynamic><used_in_skin>0</used_in_skin><entityid>4FEE4E069417475DAC5D2C2E5C95CA49</entityid><entityname>Default Data Grouping</entityname><vardisplayname>Blob_Storage_Response</vardisplayname><variablemembers /></variable></variableslist><roleslist /><processeventlist /><nodelist><node><nodetype>1</nodetype><nodedata><processid>B6D9FB6BA61D400D8BA5A83EF840CA56</processid><version>5.000000</version><nodeid>1</nodeid><isstartnode>0</isstartnode><nodetype>1</nodetype><designtimetype>104</designtimetype><activationprobability>100</activationprobability><embeddedname></embeddedname><state /><statescope>0</statescope><activitymilestone></activitymilestone><activitymilestonescope>0</activitymilestonescope><activitypendmilestone></activitypendmilestone><activitypendmilestonescope>0</activitypendmilestonescope><activitydonemilestone></activitydonemilestone><activitydonemilestonescope>0</activitydonemilestonescope><nodependevent /><nodependeventscope>0</nodependeventscope><nodedoneevent /><nodedoneeventscope>0</nodedoneeventscope><titleposno>5</titleposno><embeddedproccount>0</embeddedproccount><iscustomnode>0</iscustomnode><designtimesettings>&lt;designtimesettings&gt;&lt;xposition&gt;354&lt;/xposition&gt;&lt;yposition&gt;392&lt;/yposition&gt;&lt;width&gt;90&lt;/width&gt;&lt;height&gt;90&lt;/height&gt;&lt;inheritcolorfromsystem&gt;True&lt;/inheritcolorfromsystem&gt;&lt;colour&gt;#FFF2F2F2FF&lt;/colour&gt;&lt;textposition&gt;Top&lt;/textposition&gt;&lt;conditionpathdescription /&gt;&lt;lane&gt;&lt;name /&gt;&lt;index&gt;0&lt;/index&gt;&lt;poolid /&gt;&lt;height&gt;0&lt;/height&gt;&lt;/lane&gt;&lt;annotations /&gt;&lt;attachments /&gt;&lt;resourcenotes /&gt;&lt;/designtimesettings&gt;</designtimesettings><attachments></attachments><annotations></annotations><dependants /><destinationnodes><destinationnode><nodeid>4</nodeid><nodetype>1</nodetype></destinationnode></destinationnodes><originnodes><originnode><nodeid>3</nodeid><nodetype>1</nodetype></originnode></originnodes><branchingrules /><runtimesettings>0</runtimesettings></nodedata><activitydata><inputvariables><inputvariable><varid>SPP_SYSTEM_SESSION_ID</varid></inputvariable><inputvariable><varid>FUNCTION_CODE</varid></inputvariable><inputvariable><varid>BLOB_STORAGE_REQUEST</varid></inputvariable><inputvariable><varid>BLOB_STORAGE_RESPONSE</varid></inputvariable></inputvariables><outputvariables /><requiredresources /><usableresources /><dynamicresourcesdata><overwriteusableresources>0</overwriteusableresources><dynamicresourcesvariables /></dynamicresourcesdata><targettime>0</targettime><delaytime>0</delaytime><pendingdelayduration>0</pendingdelayduration><expectedcost>0.000000</expectedcost><securitylevel>10</securitylevel><skilllevel>10</skilllevel><useprevioususer>0</useprevioususer><tasktype>7</tasktype><priority>1</priority><automatic>1</automatic><trackstorejvh>0</trackstorejvh><usesameasprevious>0</usesameasprevious><taskid>0</taskid><usesameasprevioustype>0</usesameasprevioustype><fixedcost>0.000000</fixedcost><taskname>Create Blob Storage Container</taskname><resourceid /><createdby>2C90EEF0FEC5474AA18CFC3B931EDF1B</createdby><purpose></purpose><description></description><script>using System; 
using System.Text.RegularExpressions;
using Agility.Server.Scripting.ScriptAssembly;
 
namespace MyNamespace
{
    
 public class Class1
 {
  public Class1() 
  {
  }
 
  [StartMethodAttribute()] 
  public void Method1(ScriptParameters sp) 
  {
	//			
	// TODO: Add start method code here
	//

string text = sp.InputVariables[&amp;quot;STORAGE_ACCOUNT_NAME&amp;quot;];        
  
 // Use Regex.Replace to perform the replacement        
sp.OutputVariables[&amp;quot;STORAGE_ACCOUNT_NAME&amp;quot;]  = Regex.Replace(text, @&amp;quot;[^a-zA-Z0-9-]&amp;quot;, &amp;quot;&amp;quot;).ToLower();

  }
 }
}</script><processid /><creationdate>2024-03-05T20:24:54.00083</creationdate><transactionalinfo /><createnewjobinfo><cnjprocessid></cnjprocessid><initparams></initparams><outputs></outputs><varid></varid><jobtype>0</jobtype><reftype>0</reftype></createnewjobinfo><scriptprogid>CSHARP</scriptprogid><preloadscript>1</preloadscript><assocfile></assocfile><designinfo></designinfo><sleepinfo>0</sleepinfo><jobowneridinfo></jobowneridinfo><jobownervaridinfo></jobownervaridinfo><negativelagtime>0</negativelagtime><dynduedate>0</dynduedate><dynduedatevar /><dyntargetdurationvar /><sendemail>0</sendemail><emailto>0</emailto><subjecttext></subjecttext><subjectvar></subjectvar><contenttext></contenttext><contentvar></contentvar><urltext></urltext><urlvar></urlvar><appendassocfile>0</appendassocfile><dotnet><dotnetactivity><assemblyid>TotalAgility.Sdk.dll</assemblyid><assemblyloadtype>0</assemblyloadtype><assemblyname>TotalAgility.Sdk.dll</assemblyname><classname>TotalAgility.Sdk.ServerService</classname><methodname>ExecuteRestfulWebService</methodname><duplicatemethodno>1</duplicatemethodno><noofparams>0</noofparams><paramsmappingxmltag>&lt;parameters&gt;&lt;param direction="in" source="SPP_SYSTEM_SESSION_ID" field="SPP_SYSTEM_SESSION_ID" datatype="System.String" value="SPP_SYSTEM_SESSION_ID" name="sessionId" selection="false" documentmappingtype="0" documentfiletype="-1" /&gt;&lt;param direction="in" datatype="Agility.Sdk.Model.References.WebServices.RestfulService" name="restfulService" selection="false" documentmappingtype="0" documentfiletype="-1"&gt;&lt;member name="CategoryId" source="inline" type="System.String" value="83FF849E4D0249D0A574CD6A79A600D8" field="" selection="false" index="0" documentmappingtype="0" documentfiletype="-1" /&gt;&lt;member name="WebServiceId" source="inline" type="System.String" value="7A16F0F6BBC44628BF71074D51ED6A3B" field="" selection="false" index="0" documentmappingtype="0" documentfiletype="-1" /&gt;&lt;member name="HttpVerb" source="inline" type="System.Int16" value="1" field="" selection="false" index="0" documentmappingtype="0" documentfiletype="-1" /&gt;&lt;member name="Uri" source="inline" type="System.String" value="&amp;lt;?xml version=&amp;quot;1.0&amp;quot; encoding=&amp;quot;utf-16&amp;quot;?&amp;gt;&amp;lt;Rule xmlns:xsd=&amp;quot;http://www.w3.org/2001/XMLSchema&amp;quot; xmlns:xsi=&amp;quot;http://www.w3.org/2001/XMLSchema-instance&amp;quot;&amp;gt;&amp;lt;RuleInputs&amp;gt;&amp;lt;RuleInput&amp;gt;&amp;lt;Id&amp;gt;FUNCTION_CODE&amp;lt;/Id&amp;gt;&amp;lt;Scope&amp;gt;None&amp;lt;/Scope&amp;gt;&amp;lt;VariableType&amp;gt;String&amp;lt;/VariableType&amp;gt;&amp;lt;/RuleInput&amp;gt;&amp;lt;/RuleInputs&amp;gt;&amp;lt;Script&amp;gt;?code=¬FUNCTION_CODE¬&amp;lt;/Script&amp;gt;&amp;lt;RuleType&amp;gt;RestService&amp;lt;/RuleType&amp;gt;&amp;lt;/Rule&amp;gt;" field="" selection="false" index="0" documentmappingtype="0" documentfiletype="-1" /&gt;&lt;member name="Request" source="inline" type="System.String" value="&amp;lt;?xml version=&amp;quot;1.0&amp;quot; encoding=&amp;quot;utf-16&amp;quot;?&amp;gt;&amp;lt;Rule xmlns:xsd=&amp;quot;http://www.w3.org/2001/XMLSchema&amp;quot; xmlns:xsi=&amp;quot;http://www.w3.org/2001/XMLSchema-instance&amp;quot;&amp;gt;&amp;lt;RuleInputs&amp;gt;&amp;lt;RuleInput&amp;gt;&amp;lt;Id&amp;gt;BLOB_STORAGE_REQUEST&amp;lt;/Id&amp;gt;&amp;lt;Scope&amp;gt;None&amp;lt;/Scope&amp;gt;&amp;lt;VariableType&amp;gt;DataObject&amp;lt;/VariableType&amp;gt;&amp;lt;/RuleInput&amp;gt;&amp;lt;/RuleInputs&amp;gt;&amp;lt;Script&amp;gt;¬BLOB_STORAGE_REQUEST¬&amp;lt;/Script&amp;gt;&amp;lt;RuleType&amp;gt;RestService&amp;lt;/RuleType&amp;gt;&amp;lt;/Rule&amp;gt;" field="" selection="false" index="0" documentmappingtype="0" documentfiletype="-1" /&gt;&lt;member name="RequestType" source="inline" type="System.Int16" value="1" field="" selection="false" index="0" documentmappingtype="0" documentfiletype="-1" /&gt;&lt;member name="SuspendJobOnError" source="inline" type="System.Boolean" value="False" field="" selection="false" index="0" documentmappingtype="0" documentfiletype="-1" /&gt;&lt;member name="WebServiceName" source="inline" type="System.String" value="Blob Storage Helper" field="" selection="false" index="0" documentmappingtype="0" documentfiletype="-1" /&gt;&lt;member name="RequestMappingType" source="inline" type="System.Short" value="0" field="" selection="false" index="0" documentmappingtype="0" documentfiletype="-1" /&gt;&lt;member name="ResponseMappingType" source="inline" type="System.Short" value="0" field="" selection="false" index="0" documentmappingtype="0" documentfiletype="-1" /&gt;&lt;member name="RequestMimeType" source="inline" type="System.Short" value="-1" field="" selection="false" index="0" documentmappingtype="0" documentfiletype="-1" /&gt;&lt;member name="ResponseMimeType" source="inline" type="System.Short" value="-1" field="" selection="false" index="0" documentmappingtype="0" documentfiletype="-1" /&gt;&lt;/param&gt;&lt;param direction="in" datatype="Agility.Sdk.Model.References.WebServices.RestfulServiceInput[]" name="inputs" selection="false" documentmappingtype="0" documentfiletype="-1"&gt;&lt;member source="" type="Agility.Sdk.Model.References.WebServices.RestfulServiceInput" field="" selection="false" index="0" documentmappingtype="0" documentfiletype="-1"&gt;&lt;member name="Name" source="inline" type="System.String" value="FUNCTION_CODE" field="" selection="false" index="0" documentmappingtype="0" documentfiletype="-1" /&gt;&lt;member name="WebServiceType" source="inline" type="System.Int16" value="0" field="" selection="false" index="0" documentmappingtype="0" documentfiletype="-1" /&gt;&lt;member name="Value" source="FUNCTION_CODE" type="System.Object" value="FUNCTION_CODE" field="FUNCTION_CODE" selection="false" index="0" documentmappingtype="0" documentfiletype="-1" /&gt;&lt;/member&gt;&lt;member source="" type="Agility.Sdk.Model.References.WebServices.RestfulServiceInput" field="" selection="false" index="0" documentmappingtype="0" documentfiletype="-1"&gt;&lt;member name="Name" source="inline" type="System.String" value="BLOB_STORAGE_REQUEST" field="" selection="false" index="0" documentmappingtype="0" documentfiletype="-1" /&gt;&lt;member name="WebServiceType" source="inline" type="System.Int16" value="0" field="" selection="false" index="0" documentmappingtype="0" documentfiletype="-1" /&gt;&lt;member name="Value" source="DataObject" type="System.Object" value="BLOB_STORAGE_REQUEST" field="BLOB_STORAGE_REQUEST" selection="false" index="0" documentmappingtype="0" documentfiletype="-1" /&gt;&lt;/member&gt;&lt;/param&gt;&lt;param direction="in" datatype="Agility.Sdk.Model.References.WebServices.RestfulServiceExpression[]" name="expressions" selection="false" documentmappingtype="0" documentfiletype="-1" /&gt;&lt;param direction="ret" datatype="Agility.Sdk.Model.References.WebServices.RestfulServiceOutput" name="restfulServiceOutputEntity" selection="false" documentmappingtype="0" documentfiletype="-1"&gt;&lt;member name="Response" source="DataObject" type="System.String" value="BLOB_STORAGE_RESPONSE" field="BLOB_STORAGE_RESPONSE" selection="false" index="0" documentmappingtype="0" documentfiletype="-1" /&gt;&lt;member name="ErrorCode" source="" type="System.Int16" field="" selection="false" index="0" documentmappingtype="0" documentfiletype="-1" /&gt;&lt;member name="Expressions" source="inline" type="Agility.Sdk.Model.References.WebServices.RestfulServiceExpression[]" value="" field="" selection="false" index="0" documentmappingtype="0" documentfiletype="-1" /&gt;&lt;/param&gt;&lt;/parameters&gt;</paramsmappingxmltag></dotnetactivity></dotnet><webservice /><activityinfo><useadvworkflowrules>0</useadvworkflowrules><seqactivityassignment>0</seqactivityassignment><concuractivityaccess>0</concuractivityaccess><noofusableresourcesreq>0</noofusableresourcesreq><exitcondition></exitcondition><expandgroups>0</expandgroups><noofusableresourcesreqvarid /></activityinfo><categoryid>83FF849E4D0249D0A574CD6A79A600D8</categoryid><poolid>0</poolid><activityruntimesettings>0</activityruntimesettings><activityragamberthreshold>0</activityragamberthreshold><activityragredthreshold>0</activityragredthreshold><activityragblackthreshold>0</activityragblackthreshold><activityragpurplethreshold>0</activityragpurplethreshold><form /><xmldata /><dataaccess /><getresourceinfo /><jobvariableinfo /><baminfo /><bpescalations /><preconditionslist /><preconditiontext></preconditiontext><startmethod>Method1</startmethod><classnamespace>MyNamespace.Class1</classnamespace><resetlimit>-1</resetlimit><activitytimedoutaction>0</activitytimedoutaction><suspendreasontext></suspendreasontext><suspendreasonvarid></suspendreasonvarid></activitydata></node><node><nodetype>1</nodetype><nodedata><processid>B6D9FB6BA61D400D8BA5A83EF840CA56</processid><version>5.000000</version><nodeid>3</nodeid><isstartnode>1</isstartnode><nodetype>1</nodetype><designtimetype>33</designtimetype><activationprobability>100</activationprobability><embeddedname></embeddedname><state /><statescope>0</statescope><activitymilestone></activitymilestone><activitymilestonescope>0</activitymilestonescope><activitypendmilestone></activitypendmilestone><activitypendmilestonescope>0</activitypendmilestonescope><activitydonemilestone></activitydonemilestone><activitydonemilestonescope>0</activitydonemilestonescope><nodependevent /><nodependeventscope>0</nodependeventscope><nodedoneevent /><nodedoneeventscope>0</nodedoneeventscope><titleposno>5</titleposno><embeddedproccount>0</embeddedproccount><iscustomnode>0</iscustomnode><designtimesettings>&lt;designtimesettings&gt;&lt;xposition&gt;185&lt;/xposition&gt;&lt;yposition&gt;392&lt;/yposition&gt;&lt;width&gt;90&lt;/width&gt;&lt;height&gt;90&lt;/height&gt;&lt;inheritcolorfromsystem&gt;True&lt;/inheritcolorfromsystem&gt;&lt;colour&gt;#FFF2F2F2FF&lt;/colour&gt;&lt;textposition&gt;Top&lt;/textposition&gt;&lt;conditionpathdescription /&gt;&lt;lane&gt;&lt;name /&gt;&lt;index&gt;0&lt;/index&gt;&lt;poolid /&gt;&lt;height&gt;0&lt;/height&gt;&lt;/lane&gt;&lt;annotations /&gt;&lt;attachments /&gt;&lt;resourcenotes /&gt;&lt;/designtimesettings&gt;</designtimesettings><attachments></attachments><annotations></annotations><dependants /><destinationnodes><destinationnode><nodeid>1</nodeid><nodetype>1</nodetype></destinationnode></destinationnodes><originnodes /><branchingrules /><runtimesettings>0</runtimesettings></nodedata><activitydata><inputvariables><inputvariable><varid>SPP_SYSTEM_SESSION_ID</varid></inputvariable><inputvariable><varid>BLOB_STORAGE_REQUEST_17AC78B27A66471D8563ACCFB3BFE658</varid></inputvariable><inputvariable><varid>AZURE_STORAGE_ACCOUNT_NAME</varid></inputvariable><inputvariable><varid>BLOB_STORAGE_REQUEST_A388642085C64A03891F89E3D1669622</varid></inputvariable><inputvariable><varid>AZURE_STORAGE_ACCOUNT_KEY</varid></inputvariable><inputvariable><varid>BLOB_STORAGE_REQUEST_CC66E8689D3641759884D107AA018402</varid></inputvariable><inputvariable><varid>BLOB_STORAGE_REQUEST_7257CF6B23AC430EA7A3BD6A4D667D1F</varid></inputvariable><inputvariable><varid>AZURE_STORAGE_ACCOUNT_CONTAINER</varid></inputvariable></inputvariables><outputvariables /><requiredresources /><usableresources /><dynamicresourcesdata><overwriteusableresources>0</overwriteusableresources><dynamicresourcesvariables /></dynamicresourcesdata><targettime>0</targettime><delaytime>0</delaytime><pendingdelayduration>0</pendingdelayduration><expectedcost>0.000000</expectedcost><securitylevel>10</securitylevel><skilllevel>10</skilllevel><useprevioususer>0</useprevioususer><tasktype>7</tasktype><priority>1</priority><automatic>1</automatic><trackstorejvh>0</trackstorejvh><usesameasprevious>0</usesameasprevious><taskid>0</taskid><usesameasprevioustype>0</usesameasprevioustype><fixedcost>0.000000</fixedcost><taskname>Map Variables</taskname><resourceid /><createdby>2C90EEF0FEC5474AA18CFC3B931EDF1B</createdby><purpose></purpose><description></description><script>using System; 
using System.Text.RegularExpressions;
using Agility.Server.Scripting.ScriptAssembly;
 
namespace MyNamespace
{
    
 public class Class1
 {
  public Class1() 
  {
  }
 
  [StartMethodAttribute()] 
  public void Method1(ScriptParameters sp) 
  {
	//			
	// TODO: Add start method code here
	//

string text = sp.InputVariables[&amp;quot;STORAGE_ACCOUNT_NAME&amp;quot;];        
  
 // Use Regex.Replace to perform the replacement        
sp.OutputVariables[&amp;quot;STORAGE_ACCOUNT_NAME&amp;quot;]  = Regex.Replace(text, @&amp;quot;[^a-zA-Z0-9-]&amp;quot;, &amp;quot;&amp;quot;).ToLower();

  }
 }
}</script><processid /><creationdate>2024-03-05T20:24:54.00083</creationdate><transactionalinfo /><createnewjobinfo><cnjprocessid></cnjprocessid><initparams></initparams><outputs></outputs><varid></varid><jobtype>0</jobtype><reftype>0</reftype></createnewjobinfo><scriptprogid>CSHARP</scriptprogid><preloadscript>1</preloadscript><assocfile></assocfile><designinfo></designinfo><sleepinfo>0</sleepinfo><jobowneridinfo></jobowneridinfo><jobownervaridinfo></jobownervaridinfo><negativelagtime>0</negativelagtime><dynduedate>0</dynduedate><dynduedatevar /><dyntargetdurationvar /><sendemail>0</sendemail><emailto>0</emailto><subjecttext></subjecttext><subjectvar></subjectvar><contenttext></contenttext><contentvar></contentvar><urltext></urltext><urlvar></urlvar><appendassocfile>0</appendassocfile><dotnet><dotnetactivity><assemblyid>TotalAgility.Sdk.dll</assemblyid><assemblyloadtype>0</assemblyloadtype><assemblyname>TotalAgility.Sdk.dll</assemblyname><classname>TotalAgility.Sdk.ServerService</classname><methodname>ExecuteCalculationNode</methodname><duplicatemethodno>1</duplicatemethodno><noofparams>0</noofparams><paramsmappingxmltag>&lt;parameters&gt;&lt;param direction="in" source="SPP_SYSTEM_SESSION_ID" field="SPP_SYSTEM_SESSION_ID" datatype="System.String" value="SPP_SYSTEM_SESSION_ID" name="sessionId" selection="false" documentmappingtype="0" documentfiletype="-1" /&gt;&lt;param direction="in" source="" field="" datatype="Agility.Sdk.Model.Calculations.CalculationNode" value="" name="CalculationNode" selection="false" documentmappingtype="0" documentfiletype="-1"&gt;&lt;member name="ProcessActivityIdentity" source="" type="Agility.Sdk.Model.Activities.ProcessActivityIdentity" value="" field="" selection="false" index="0" documentmappingtype="0" documentfiletype="-1"&gt;&lt;member name="ProcessIdentity" source="" type="Agility.Sdk.Model.Processes.ProcessIdentity" value="" field="" selection="false" index="0" documentmappingtype="0" documentfiletype="-1"&gt;&lt;member name="Id" source="inline" type="System.String" value="B6D9FB6BA61D400D8BA5A83EF840CA56" field="" selection="false" index="0" documentmappingtype="0" documentfiletype="-1" /&gt;&lt;member name="Name" source="inline" type="System.String" value="Blob Storage - Get Connection String" field="" selection="false" index="0" documentmappingtype="0" documentfiletype="-1" /&gt;&lt;member name="Version" source="inline" type="System.Double" value="5" field="" selection="false" index="0" documentmappingtype="0" documentfiletype="-1" /&gt;&lt;/member&gt;&lt;member name="NodeId" source="inline" type="System.Int16" value="3" field="" selection="false" index="0" documentmappingtype="0" documentfiletype="-1" /&gt;&lt;member name="ActivityName" source="inline" type="System.String" value="Map Variables" field="" selection="false" index="0" documentmappingtype="0" documentfiletype="-1" /&gt;&lt;/member&gt;&lt;member name="InputVariables" source="" type="Agility.Sdk.Model.Variables.InputVariable[]" value="" field="" selection="false" index="0" documentmappingtype="0" documentfiletype="-1"&gt;&lt;member name="" source="" type="Agility.Sdk.Model.Variables.InputVariable" value="" field="" selection="false" index="0" documentmappingtype="0" documentfiletype="-1"&gt;&lt;member name="Id" source="inline" type="System.String" value="SPP_SYSTEM_SESSION_ID" field="" selection="false" index="0" documentmappingtype="0" documentfiletype="-1" /&gt;&lt;member name="Value" source="SPP_SYSTEM_SESSION_ID" type="System.Object" value="SPP_SYSTEM_SESSION_ID" field="SPP_SYSTEM_SESSION_ID" selection="false" index="0" documentmappingtype="0" documentfiletype="-1" /&gt;&lt;/member&gt;&lt;member name="" source="" type="Agility.Sdk.Model.Variables.InputVariable" value="" field="" selection="false" index="0" documentmappingtype="0" documentfiletype="-1"&gt;&lt;member name="Id" source="inline" type="System.String" value="BLOB_STORAGE_REQUEST_17AC78B27A66471D8563ACCFB3BFE658" field="" selection="false" index="0" documentmappingtype="0" documentfiletype="-1" /&gt;&lt;member name="Value" source="DataObject" type="System.Object" value="BLOB_STORAGE_REQUEST_17AC78B27A66471D8563ACCFB3BFE658" field="BLOB_STORAGE_REQUEST_17AC78B27A66471D8563ACCFB3BFE658" selection="false" index="0" documentmappingtype="0" documentfiletype="-1" /&gt;&lt;/member&gt;&lt;member name="" source="" type="Agility.Sdk.Model.Variables.InputVariable" value="" field="" selection="false" index="0" documentmappingtype="0" documentfiletype="-1"&gt;&lt;member name="Id" source="inline" type="System.String" value="AZURE_STORAGE_ACCOUNT_NAME" field="" selection="false" index="0" documentmappingtype="0" documentfiletype="-1" /&gt;&lt;member name="Value" source="AZURE_STORAGE_ACCOUNT_NAME" type="System.Object" value="AZURE_STORAGE_ACCOUNT_NAME" field="AZURE_STORAGE_ACCOUNT_NAME" selection="false" index="0" documentmappingtype="0" documentfiletype="-1" /&gt;&lt;/member&gt;&lt;member name="" source="" type="Agility.Sdk.Model.Variables.InputVariable" value="" field="" selection="false" index="0" documentmappingtype="0" documentfiletype="-1"&gt;&lt;member name="Id" source="inline" type="System.String" value="BLOB_STORAGE_REQUEST_A388642085C64A03891F89E3D1669622" field="" selection="false" index="0" documentmappingtype="0" documentfiletype="-1" /&gt;&lt;member name="Value" source="DataObject" type="System.Object" value="BLOB_STORAGE_REQUEST_A388642085C64A03891F89E3D1669622" field="BLOB_STORAGE_REQUEST_A388642085C64A03891F89E3D1669622" selection="false" index="0" documentmappingtype="0" documentfiletype="-1" /&gt;&lt;/member&gt;&lt;member name="" source="" type="Agility.Sdk.Model.Variables.InputVariable" value="" field="" selection="false" index="0" documentmappingtype="0" documentfiletype="-1"&gt;&lt;member name="Id" source="inline" type="System.String" value="AZURE_STORAGE_ACCOUNT_KEY" field="" selection="false" index="0" documentmappingtype="0" documentfiletype="-1" /&gt;&lt;member name="Value" source="AZURE_STORAGE_ACCOUNT_KEY" type="System.Object" value="AZURE_STORAGE_ACCOUNT_KEY" field="AZURE_STORAGE_ACCOUNT_KEY" selection="false" index="0" documentmappingtype="0" documentfiletype="-1" /&gt;&lt;/member&gt;&lt;member name="" source="" type="Agility.Sdk.Model.Variables.InputVariable" value="" field="" selection="false" index="0" documentmappingtype="0" documentfiletype="-1"&gt;&lt;member name="Id" source="inline" type="System.String" value="BLOB_STORAGE_REQUEST_CC66E8689D3641759884D107AA018402" field="" selection="false" index="0" documentmappingtype="0" documentfiletype="-1" /&gt;&lt;member name="Value" source="DataObject" type="System.Object" value="BLOB_STORAGE_REQUEST_CC66E8689D3641759884D107AA018402" field="BLOB_STORAGE_REQUEST_CC66E8689D3641759884D107AA018402" selection="false" index="0" documentmappingtype="0" documentfiletype="-1" /&gt;&lt;/member&gt;&lt;member name="" source="" type="Agility.Sdk.Model.Variables.InputVariable" value="" field="" selection="false" index="0" documentmappingtype="0" documentfiletype="-1"&gt;&lt;member name="Id" source="inline" type="System.String" value="BLOB_STORAGE_REQUEST_7257CF6B23AC430EA7A3BD6A4D667D1F" field="" selection="false" index="0" documentmappingtype="0" documentfiletype="-1" /&gt;&lt;member name="Value" source="DataObject" type="System.Object" value="BLOB_STORAGE_REQUEST_7257CF6B23AC430EA7A3BD6A4D667D1F" field="BLOB_STORAGE_REQUEST_7257CF6B23AC430EA7A3BD6A4D667D1F" selection="false" index="0" documentmappingtype="0" documentfiletype="-1" /&gt;&lt;/member&gt;&lt;member name="" source="" type="Agility.Sdk.Model.Variables.InputVariable" value="" field="" selection="false" index="0" documentmappingtype="0" documentfiletype="-1"&gt;&lt;member name="Id" source="inline" type="System.String" value="AZURE_STORAGE_ACCOUNT_CONTAINER" field="" selection="false" index="0" documentmappingtype="0" documentfiletype="-1" /&gt;&lt;member name="Value" source="AZURE_STORAGE_ACCOUNT_CONTAINER" type="System.Object" value="AZURE_STORAGE_ACCOUNT_CONTAINER" field="AZURE_STORAGE_ACCOUNT_CONTAINER" selection="false" index="0" documentmappingtype="0" documentfiletype="-1" /&gt;&lt;/member&gt;&lt;/member&gt;&lt;member name="CalculationScriptCollection" source="" type="Agility.Sdk.Model.Calculations.CalculationScript[]" value="" field="" selection="false" index="0" documentmappingtype="0" documentfiletype="-1"&gt;&lt;member name="" source="" type="Agility.Sdk.Model.Calculations.CalculationScript" value="" field="" selection="false" index="0" documentmappingtype="0" documentfiletype="-1"&gt;&lt;member name="Script" source="inline" type="System.String" value="&amp;lt;?xml version=&amp;quot;1.0&amp;quot; encoding=&amp;quot;utf-16&amp;quot;?&amp;gt;&amp;lt;Rule xmlns:xsd=&amp;quot;http://www.w3.org/2001/XMLSchema&amp;quot; xmlns:xsi=&amp;quot;http://www.w3.org/2001/XMLSchema-instance&amp;quot;&amp;gt;&amp;lt;RuleInputs&amp;gt;&amp;lt;RuleInput&amp;gt;&amp;lt;Id&amp;gt;AZURE_STORAGE_ACCOUNT_NAME&amp;lt;/Id&amp;gt;&amp;lt;Scope&amp;gt;None&amp;lt;/Scope&amp;gt;&amp;lt;VariableType&amp;gt;String&amp;lt;/VariableType&amp;gt;&amp;lt;/RuleInput&amp;gt;&amp;lt;/RuleInputs&amp;gt;&amp;lt;Script&amp;gt; ¬AZURE_STORAGE_ACCOUNT_NAME¬ &amp;lt;/Script&amp;gt;&amp;lt;RuleType&amp;gt;Expression&amp;lt;/RuleType&amp;gt;&amp;lt;/Rule&amp;gt;" field="" selection="false" index="0" documentmappingtype="0" documentfiletype="-1" /&gt;&lt;member name="Description" source="inline" type="System.String" value="" field="" selection="false" index="0" documentmappingtype="0" documentfiletype="-1" /&gt;&lt;member name="TargetVariable" source="" type="Agility.Sdk.Model.Variables.OutputVariable" value="" field="" selection="false" index="0" documentmappingtype="0" documentfiletype="-1"&gt;&lt;member name="Id" source="inline" type="System.String" value="BLOB_STORAGE_REQUEST_17AC78B27A66471D8563ACCFB3BFE658" field="" selection="false" index="0" documentmappingtype="0" documentfiletype="-1" /&gt;&lt;member name="Value" source="DataObject" type="System.Object" value="BLOB_STORAGE_REQUEST_17AC78B27A66471D8563ACCFB3BFE658" field="BLOB_STORAGE_REQUEST_17AC78B27A66471D8563ACCFB3BFE658" selection="false" index="0" documentmappingtype="0" documentfiletype="-1" /&gt;&lt;/member&gt;&lt;member name="UseBusinessCalendar" source="inline" type="System.Boolean" value="False" field="" selection="false" index="0" documentmappingtype="0" documentfiletype="-1" /&gt;&lt;/member&gt;&lt;member name="" source="" type="Agility.Sdk.Model.Calculations.CalculationScript" value="" field="" selection="false" index="0" documentmappingtype="0" documentfiletype="-1"&gt;&lt;member name="Script" source="inline" type="System.String" value="&amp;lt;?xml version=&amp;quot;1.0&amp;quot; encoding=&amp;quot;utf-16&amp;quot;?&amp;gt;&amp;lt;Rule xmlns:xsd=&amp;quot;http://www.w3.org/2001/XMLSchema&amp;quot; xmlns:xsi=&amp;quot;http://www.w3.org/2001/XMLSchema-instance&amp;quot;&amp;gt;&amp;lt;RuleInputs&amp;gt;&amp;lt;RuleInput&amp;gt;&amp;lt;Id&amp;gt;AZURE_STORAGE_ACCOUNT_KEY&amp;lt;/Id&amp;gt;&amp;lt;Scope&amp;gt;None&amp;lt;/Scope&amp;gt;&amp;lt;VariableType&amp;gt;String&amp;lt;/VariableType&amp;gt;&amp;lt;/RuleInput&amp;gt;&amp;lt;/RuleInputs&amp;gt;&amp;lt;Script&amp;gt;¬AZURE_STORAGE_ACCOUNT_KEY¬ &amp;lt;/Script&amp;gt;&amp;lt;RuleType&amp;gt;Expression&amp;lt;/RuleType&amp;gt;&amp;lt;/Rule&amp;gt;" field="" selection="false" index="0" documentmappingtype="0" documentfiletype="-1" /&gt;&lt;member name="Description" source="inline" type="System.String" value="" field="" selection="false" index="0" documentmappingtype="0" documentfiletype="-1" /&gt;&lt;member name="TargetVariable" source="" type="Agility.Sdk.Model.Variables.OutputVariable" value="" field="" selection="false" index="0" documentmappingtype="0" documentfiletype="-1"&gt;&lt;member name="Id" source="inline" type="System.String" value="BLOB_STORAGE_REQUEST_A388642085C64A03891F89E3D1669622" field="" selection="false" index="0" documentmappingtype="0" documentfiletype="-1" /&gt;&lt;member name="Value" source="DataObject" type="System.Object" value="BLOB_STORAGE_REQUEST_A388642085C64A03891F89E3D1669622" field="BLOB_STORAGE_REQUEST_A388642085C64A03891F89E3D1669622" selection="false" index="0" documentmappingtype="0" documentfiletype="-1" /&gt;&lt;/member&gt;&lt;member name="UseBusinessCalendar" source="inline" type="System.Boolean" value="False" field="" selection="false" index="0" documentmappingtype="0" documentfiletype="-1" /&gt;&lt;/member&gt;&lt;member name="" source="" type="Agility.Sdk.Model.Calculations.CalculationScript" value="" field="" selection="false" index="0" documentmappingtype="0" documentfiletype="-1"&gt;&lt;member name="Script" source="inline" type="System.String" value="&amp;lt;?xml version=&amp;quot;1.0&amp;quot; encoding=&amp;quot;utf-16&amp;quot;?&amp;gt;&amp;lt;Rule xmlns:xsd=&amp;quot;http://www.w3.org/2001/XMLSchema&amp;quot; xmlns:xsi=&amp;quot;http://www.w3.org/2001/XMLSchema-instance&amp;quot;&amp;gt;&amp;lt;RuleInputs /&amp;gt;&amp;lt;Script&amp;gt;&amp;quot;get_connection_string&amp;quot;&amp;lt;/Script&amp;gt;&amp;lt;RuleType&amp;gt;Expression&amp;lt;/RuleType&amp;gt;&amp;lt;/Rule&amp;gt;" field="" selection="false" index="0" documentmappingtype="0" documentfiletype="-1" /&gt;&lt;member name="Description" source="inline" type="System.String" value="" field="" selection="false" index="0" documentmappingtype="0" documentfiletype="-1" /&gt;&lt;member name="TargetVariable" source="" type="Agility.Sdk.Model.Variables.OutputVariable" value="" field="" selection="false" index="0" documentmappingtype="0" documentfiletype="-1"&gt;&lt;member name="Id" source="inline" type="System.String" value="BLOB_STORAGE_REQUEST_CC66E8689D3641759884D107AA018402" field="" selection="false" index="0" documentmappingtype="0" documentfiletype="-1" /&gt;&lt;member name="Value" source="DataObject" type="System.Object" value="BLOB_STORAGE_REQUEST_CC66E8689D3641759884D107AA018402" field="BLOB_STORAGE_REQUEST_CC66E8689D3641759884D107AA018402" selection="false" index="0" documentmappingtype="0" documentfiletype="-1" /&gt;&lt;/member&gt;&lt;member name="UseBusinessCalendar" source="inline" type="System.Boolean" value="False" field="" selection="false" index="0" documentmappingtype="0" documentfiletype="-1" /&gt;&lt;/member&gt;&lt;member name="" source="" type="Agility.Sdk.Model.Calculations.CalculationScript" value="" field="" selection="false" index="0" documentmappingtype="0" documentfiletype="-1"&gt;&lt;member name="Script" source="inline" type="System.String" value="&amp;lt;?xml version=&amp;quot;1.0&amp;quot; encoding=&amp;quot;utf-16&amp;quot;?&amp;gt;&amp;lt;Rule xmlns:xsd=&amp;quot;http://www.w3.org/2001/XMLSchema&amp;quot; xmlns:xsi=&amp;quot;http://www.w3.org/2001/XMLSchema-instance&amp;quot;&amp;gt;&amp;lt;RuleInputs&amp;gt;&amp;lt;RuleInput&amp;gt;&amp;lt;Id&amp;gt;AZURE_STORAGE_ACCOUNT_CONTAINER&amp;lt;/Id&amp;gt;&amp;lt;Scope&amp;gt;None&amp;lt;/Scope&amp;gt;&amp;lt;VariableType&amp;gt;String&amp;lt;/VariableType&amp;gt;&amp;lt;/RuleInput&amp;gt;&amp;lt;/RuleInputs&amp;gt;&amp;lt;Script&amp;gt;¬AZURE_STORAGE_ACCOUNT_CONTAINER¬&amp;lt;/Script&amp;gt;&amp;lt;RuleType&amp;gt;Expression&amp;lt;/RuleType&amp;gt;&amp;lt;/Rule&amp;gt;" field="" selection="false" index="0" documentmappingtype="0" documentfiletype="-1" /&gt;&lt;member name="Description" source="inline" type="System.String" value="" field="" selection="false" index="0" documentmappingtype="0" documentfiletype="-1" /&gt;&lt;member name="TargetVariable" source="" type="Agility.Sdk.Model.Variables.OutputVariable" value="" field="" selection="false" index="0" documentmappingtype="0" documentfiletype="-1"&gt;&lt;member name="Id" source="inline" type="System.String" value="BLOB_STORAGE_REQUEST_7257CF6B23AC430EA7A3BD6A4D667D1F" field="" selection="false" index="0" documentmappingtype="0" documentfiletype="-1" /&gt;&lt;member name="Value" source="DataObject" type="System.Object" value="BLOB_STORAGE_REQUEST_7257CF6B23AC430EA7A3BD6A4D667D1F" field="BLOB_STORAGE_REQUEST_7257CF6B23AC430EA7A3BD6A4D667D1F" selection="false" index="0" documentmappingtype="0" documentfiletype="-1" /&gt;&lt;/member&gt;&lt;member name="UseBusinessCalendar" source="inline" type="System.Boolean" value="False" field="" selection="false" index="0" documentmappingtype="0" documentfiletype="-1" /&gt;&lt;/member&gt;&lt;/member&gt;&lt;/param&gt;&lt;param direction="ret" source="" field="" datatype="Agility.Sdk.Model.Variables.OutputVariable[]" value="" name="Return Parameter" selection="false" documentmappingtype="0" documentfiletype="-1"&gt;&lt;member name="" source="" type="Agility.Sdk.Model.Variables.OutputVariable" value="" field="" selection="false" index="0" documentmappingtype="0" documentfiletype="-1"&gt;&lt;member name="Id" source="inline" type="System.String" value="BLOB_STORAGE_REQUEST_17AC78B27A66471D8563ACCFB3BFE658" field="" selection="false" index="0" documentmappingtype="0" documentfiletype="-1" /&gt;&lt;member name="Value" source="DataObject" type="System.Object" value="BLOB_STORAGE_REQUEST_17AC78B27A66471D8563ACCFB3BFE658" field="BLOB_STORAGE_REQUEST_17AC78B27A66471D8563ACCFB3BFE658" selection="false" index="0" documentmappingtype="0" documentfiletype="-1" /&gt;&lt;/member&gt;&lt;member name="" source="" type="Agility.Sdk.Model.Variables.OutputVariable" value="" field="" selection="false" index="0" documentmappingtype="0" documentfiletype="-1"&gt;&lt;member name="Id" source="inline" type="System.String" value="BLOB_STORAGE_REQUEST_A388642085C64A03891F89E3D1669622" field="" selection="false" index="0" documentmappingtype="0" documentfiletype="-1" /&gt;&lt;member name="Value" source="DataObject" type="System.Object" value="BLOB_STORAGE_REQUEST_A388642085C64A03891F89E3D1669622" field="BLOB_STORAGE_REQUEST_A388642085C64A03891F89E3D1669622" selection="false" index="0" documentmappingtype="0" documentfiletype="-1" /&gt;&lt;/member&gt;&lt;member name="" source="" type="Agility.Sdk.Model.Variables.OutputVariable" value="" field="" selection="false" index="0" documentmappingtype="0" documentfiletype="-1"&gt;&lt;member name="Id" source="inline" type="System.String" value="BLOB_STORAGE_REQUEST_CC66E8689D3641759884D107AA018402" field="" selection="false" index="0" documentmappingtype="0" documentfiletype="-1" /&gt;&lt;member name="Value" source="DataObject" type="System.Object" value="BLOB_STORAGE_REQUEST_CC66E8689D3641759884D107AA018402" field="BLOB_STORAGE_REQUEST_CC66E8689D3641759884D107AA018402" selection="false" index="0" documentmappingtype="0" documentfiletype="-1" /&gt;&lt;/member&gt;&lt;member name="" source="" type="Agility.Sdk.Model.Variables.OutputVariable" value="" field="" selection="false" index="0" documentmappingtype="0" documentfiletype="-1"&gt;&lt;member name="Id" source="inline" type="System.String" value="BLOB_STORAGE_REQUEST_7257CF6B23AC430EA7A3BD6A4D667D1F" field="" selection="false" index="0" documentmappingtype="0" documentfiletype="-1" /&gt;&lt;member name="Value" source="DataObject" type="System.Object" value="BLOB_STORAGE_REQUEST_7257CF6B23AC430EA7A3BD6A4D667D1F" field="BLOB_STORAGE_REQUEST_7257CF6B23AC430EA7A3BD6A4D667D1F" selection="false" index="0" documentmappingtype="0" documentfiletype="-1" /&gt;&lt;/member&gt;&lt;/param&gt;&lt;/parameters&gt;</paramsmappingxmltag></dotnetactivity></dotnet><webservice /><activityinfo><useadvworkflowrules>0</useadvworkflowrules><seqactivityassignment>0</seqactivityassignment><concuractivityaccess>0</concuractivityaccess><noofusableresourcesreq>0</noofusableresourcesreq><exitcondition></exitcondition><expandgroups>0</expandgroups><noofusableresourcesreqvarid /></activityinfo><categoryid>83FF849E4D0249D0A574CD6A79A600D8</categoryid><poolid>0</poolid><activityruntimesettings>0</activityruntimesettings><activityragamberthreshold>0</activityragamberthreshold><activityragredthreshold>0</activityragredthreshold><activityragblackthreshold>0</activityragblackthreshold><activityragpurplethreshold>0</activityragpurplethreshold><form /><xmldata /><dataaccess /><getresourceinfo /><jobvariableinfo /><baminfo /><bpescalations /><preconditionslist /><preconditiontext></preconditiontext><startmethod>Method1</startmethod><classnamespace>MyNamespace.Class1</classnamespace><resetlimit>-1</resetlimit><activitytimedoutaction>0</activitytimedoutaction><suspendreasontext></suspendreasontext><suspendreasonvarid></suspendreasonvarid></activitydata></node><node><nodetype>1</nodetype><nodedata><processid>B6D9FB6BA61D400D8BA5A83EF840CA56</processid><version>5.000000</version><nodeid>4</nodeid><isstartnode>0</isstartnode><nodetype>1</nodetype><designtimetype>33</designtimetype><activationprobability>100</activationprobability><embeddedname></embeddedname><state /><statescope>0</statescope><activitymilestone></activitymilestone><activitymilestonescope>0</activitymilestonescope><activitypendmilestone></activitypendmilestone><activitypendmilestonescope>0</activitypendmilestonescope><activitydonemilestone></activitydonemilestone><activitydonemilestonescope>0</activitydonemilestonescope><nodependevent /><nodependeventscope>0</nodependeventscope><nodedoneevent /><nodedoneeventscope>0</nodedoneeventscope><titleposno>5</titleposno><embeddedproccount>0</embeddedproccount><iscustomnode>0</iscustomnode><designtimesettings>&lt;designtimesettings&gt;&lt;xposition&gt;519&lt;/xposition&gt;&lt;yposition&gt;393&lt;/yposition&gt;&lt;width&gt;90&lt;/width&gt;&lt;height&gt;90&lt;/height&gt;&lt;inheritcolorfromsystem&gt;True&lt;/inheritcolorfromsystem&gt;&lt;colour&gt;#FFF2F2F2FF&lt;/colour&gt;&lt;textposition&gt;Top&lt;/textposition&gt;&lt;conditionpathdescription /&gt;&lt;lane&gt;&lt;name /&gt;&lt;index&gt;0&lt;/index&gt;&lt;poolid /&gt;&lt;height&gt;0&lt;/height&gt;&lt;/lane&gt;&lt;annotations /&gt;&lt;attachments /&gt;&lt;resourcenotes /&gt;&lt;/designtimesettings&gt;</designtimesettings><attachments></attachments><annotations></annotations><dependants /><destinationnodes><destinationnode><nodeid>5</nodeid><nodetype>6</nodetype></destinationnode></destinationnodes><originnodes><originnode><nodeid>1</nodeid><nodetype>1</nodetype></originnode></originnodes><branchingrules /><runtimesettings>0</runtimesettings></nodedata><activitydata><inputvariables><inputvariable><varid>SPP_SYSTEM_SESSION_ID</varid></inputvariable><inputvariable><varid>AZURE_CONNECTION_STING</varid></inputvariable><inputvariable><varid>BLOB_STORAGE_RESPONSE_FA3F2AC6E26E4C4DA2D7162E7ACDABEF</varid></inputvariable></inputvariables><outputvariables /><requiredresources /><usableresources /><dynamicresourcesdata><overwriteusableresources>0</overwriteusableresources><dynamicresourcesvariables /></dynamicresourcesdata><targettime>0</targettime><delaytime>0</delaytime><pendingdelayduration>0</pendingdelayduration><expectedcost>0.000000</expectedcost><securitylevel>10</securitylevel><skilllevel>10</skilllevel><useprevioususer>0</useprevioususer><tasktype>7</tasktype><priority>1</priority><automatic>1</automatic><trackstorejvh>0</trackstorejvh><usesameasprevious>0</usesameasprevious><taskid>0</taskid><usesameasprevioustype>0</usesameasprevioustype><fixedcost>0.000000</fixedcost><taskname>Map Connection String</taskname><resourceid /><createdby>2C90EEF0FEC5474AA18CFC3B931EDF1B</createdby><purpose></purpose><description></description><script>using System; 
using System.Text.RegularExpressions;
using Agility.Server.Scripting.ScriptAssembly;
 
namespace MyNamespace
{
    
 public class Class1
 {
  public Class1() 
  {
  }
 
  [StartMethodAttribute()] 
  public void Method1(ScriptParameters sp) 
  {
	//			
	// TODO: Add start method code here
	//

string text = sp.InputVariables[&amp;quot;STORAGE_ACCOUNT_NAME&amp;quot;];        
  
 // Use Regex.Replace to perform the replacement        
sp.OutputVariables[&amp;quot;STORAGE_ACCOUNT_NAME&amp;quot;]  = Regex.Replace(text, @&amp;quot;[^a-zA-Z0-9-]&amp;quot;, &amp;quot;&amp;quot;).ToLower();

  }
 }
}</script><processid /><creationdate>2024-03-05T20:24:54.00083</creationdate><transactionalinfo /><createnewjobinfo><cnjprocessid></cnjprocessid><initparams></initparams><outputs></outputs><varid></varid><jobtype>0</jobtype><reftype>0</reftype></createnewjobinfo><scriptprogid>CSHARP</scriptprogid><preloadscript>1</preloadscript><assocfile></assocfile><designinfo></designinfo><sleepinfo>0</sleepinfo><jobowneridinfo></jobowneridinfo><jobownervaridinfo></jobownervaridinfo><negativelagtime>0</negativelagtime><dynduedate>0</dynduedate><dynduedatevar /><dyntargetdurationvar /><sendemail>0</sendemail><emailto>0</emailto><subjecttext></subjecttext><subjectvar></subjectvar><contenttext></contenttext><contentvar></contentvar><urltext></urltext><urlvar></urlvar><appendassocfile>0</appendassocfile><dotnet><dotnetactivity><assemblyid>TotalAgility.Sdk.dll</assemblyid><assemblyloadtype>0</assemblyloadtype><assemblyname>TotalAgility.Sdk.dll</assemblyname><classname>TotalAgility.Sdk.ServerService</classname><methodname>ExecuteCalculationNode</methodname><duplicatemethodno>1</duplicatemethodno><noofparams>0</noofparams><paramsmappingxmltag>&lt;parameters&gt;&lt;param direction="in" source="SPP_SYSTEM_SESSION_ID" field="SPP_SYSTEM_SESSION_ID" datatype="System.String" value="SPP_SYSTEM_SESSION_ID" name="sessionId" selection="false" documentmappingtype="0" documentfiletype="-1" /&gt;&lt;param direction="in" source="" field="" datatype="Agility.Sdk.Model.Calculations.CalculationNode" value="" name="CalculationNode" selection="false" documentmappingtype="0" documentfiletype="-1"&gt;&lt;member name="ProcessActivityIdentity" source="" type="Agility.Sdk.Model.Activities.ProcessActivityIdentity" value="" field="" selection="false" index="0" documentmappingtype="0" documentfiletype="-1"&gt;&lt;member name="ProcessIdentity" source="" type="Agility.Sdk.Model.Processes.ProcessIdentity" value="" field="" selection="false" index="0" documentmappingtype="0" documentfiletype="-1"&gt;&lt;member name="Id" source="inline" type="System.String" value="B6D9FB6BA61D400D8BA5A83EF840CA56" field="" selection="false" index="0" documentmappingtype="0" documentfiletype="-1" /&gt;&lt;member name="Name" source="inline" type="System.String" value="Blob Storage - Get Connection String" field="" selection="false" index="0" documentmappingtype="0" documentfiletype="-1" /&gt;&lt;member name="Version" source="inline" type="System.Double" value="5" field="" selection="false" index="0" documentmappingtype="0" documentfiletype="-1" /&gt;&lt;/member&gt;&lt;member name="NodeId" source="inline" type="System.Int16" value="4" field="" selection="false" index="0" documentmappingtype="0" documentfiletype="-1" /&gt;&lt;member name="ActivityName" source="inline" type="System.String" value="Map Connection String" field="" selection="false" index="0" documentmappingtype="0" documentfiletype="-1" /&gt;&lt;/member&gt;&lt;member name="InputVariables" source="" type="Agility.Sdk.Model.Variables.InputVariable[]" value="" field="" selection="false" index="0" documentmappingtype="0" documentfiletype="-1"&gt;&lt;member name="" source="" type="Agility.Sdk.Model.Variables.InputVariable" value="" field="" selection="false" index="0" documentmappingtype="0" documentfiletype="-1"&gt;&lt;member name="Id" source="inline" type="System.String" value="SPP_SYSTEM_SESSION_ID" field="" selection="false" index="0" documentmappingtype="0" documentfiletype="-1" /&gt;&lt;member name="Value" source="SPP_SYSTEM_SESSION_ID" type="System.Object" value="SPP_SYSTEM_SESSION_ID" field="SPP_SYSTEM_SESSION_ID" selection="false" index="0" documentmappingtype="0" documentfiletype="-1" /&gt;&lt;/member&gt;&lt;member name="" source="" type="Agility.Sdk.Model.Variables.InputVariable" value="" field="" selection="false" index="0" documentmappingtype="0" documentfiletype="-1"&gt;&lt;member name="Id" source="inline" type="System.String" value="AZURE_CONNECTION_STING" field="" selection="false" index="0" documentmappingtype="0" documentfiletype="-1" /&gt;&lt;member name="Value" source="AZURE_CONNECTION_STING" type="System.Object" value="AZURE_CONNECTION_STING" field="AZURE_CONNECTION_STING" selection="false" index="0" documentmappingtype="0" documentfiletype="-1" /&gt;&lt;/member&gt;&lt;member name="" source="" type="Agility.Sdk.Model.Variables.InputVariable" value="" field="" selection="false" index="0" documentmappingtype="0" documentfiletype="-1"&gt;&lt;member name="Id" source="inline" type="System.String" value="BLOB_STORAGE_RESPONSE_FA3F2AC6E26E4C4DA2D7162E7ACDABEF" field="" selection="false" index="0" documentmappingtype="0" documentfiletype="-1" /&gt;&lt;member name="Value" source="DataObject" type="System.Object" value="BLOB_STORAGE_RESPONSE_FA3F2AC6E26E4C4DA2D7162E7ACDABEF" field="BLOB_STORAGE_RESPONSE_FA3F2AC6E26E4C4DA2D7162E7ACDABEF" selection="false" index="0" documentmappingtype="0" documentfiletype="-1" /&gt;&lt;/member&gt;&lt;/member&gt;&lt;member name="CalculationScriptCollection" source="" type="Agility.Sdk.Model.Calculations.CalculationScript[]" value="" field="" selection="false" index="0" documentmappingtype="0" documentfiletype="-1"&gt;&lt;member name="" source="" type="Agility.Sdk.Model.Calculations.CalculationScript" value="" field="" selection="false" index="0" documentmappingtype="0" documentfiletype="-1"&gt;&lt;member name="Script" source="inline" type="System.String" value="&amp;lt;?xml version=&amp;quot;1.0&amp;quot; encoding=&amp;quot;utf-16&amp;quot;?&amp;gt;&amp;lt;Rule xmlns:xsd=&amp;quot;http://www.w3.org/2001/XMLSchema&amp;quot; xmlns:xsi=&amp;quot;http://www.w3.org/2001/XMLSchema-instance&amp;quot;&amp;gt;&amp;lt;RuleInputs&amp;gt;&amp;lt;RuleInput&amp;gt;&amp;lt;Id&amp;gt;BLOB_STORAGE_RESPONSE_FA3F2AC6E26E4C4DA2D7162E7ACDABEF&amp;lt;/Id&amp;gt;&amp;lt;Scope&amp;gt;None&amp;lt;/Scope&amp;gt;&amp;lt;VariableType&amp;gt;String&amp;lt;/VariableType&amp;gt;&amp;lt;/RuleInput&amp;gt;&amp;lt;/RuleInputs&amp;gt;&amp;lt;Script&amp;gt;¬BLOB_STORAGE_RESPONSE_FA3F2AC6E26E4C4DA2D7162E7ACDABEF¬ &amp;lt;/Script&amp;gt;&amp;lt;RuleType&amp;gt;Expression&amp;lt;/RuleType&amp;gt;&amp;lt;/Rule&amp;gt;" field="" selection="false" index="0" documentmappingtype="0" documentfiletype="-1" /&gt;&lt;member name="Description" source="inline" type="System.String" value="" field="" selection="false" index="0" documentmappingtype="0" documentfiletype="-1" /&gt;&lt;member name="TargetVariable" source="" type="Agility.Sdk.Model.Variables.OutputVariable" value="" field="" selection="false" index="0" documentmappingtype="0" documentfiletype="-1"&gt;&lt;member name="Id" source="inline" type="System.String" value="AZURE_CONNECTION_STING" field="" selection="false" index="0" documentmappingtype="0" documentfiletype="-1" /&gt;&lt;member name="Value" source="AZURE_CONNECTION_STING" type="System.Object" value="AZURE_CONNECTION_STING" field="AZURE_CONNECTION_STING" selection="false" index="0" documentmappingtype="0" documentfiletype="-1" /&gt;&lt;/member&gt;&lt;member name="UseBusinessCalendar" source="inline" type="System.Boolean" value="False" field="" selection="false" index="0" documentmappingtype="0" documentfiletype="-1" /&gt;&lt;/member&gt;&lt;/member&gt;&lt;/param&gt;&lt;param direction="ret" source="" field="" datatype="Agility.Sdk.Model.Variables.OutputVariable[]" value="" name="Return Parameter" selection="false" documentmappingtype="0" documentfiletype="-1"&gt;&lt;member name="" source="" type="Agility.Sdk.Model.Variables.OutputVariable" value="" field="" selection="false" index="0" documentmappingtype="0" documentfiletype="-1"&gt;&lt;member name="Id" source="inline" type="System.String" value="AZURE_CONNECTION_STING" field="" selection="false" index="0" documentmappingtype="0" documentfiletype="-1" /&gt;&lt;member name="Value" source="AZURE_CONNECTION_STING" type="System.Object" value="AZURE_CONNECTION_STING" field="AZURE_CONNECTION_STING" selection="false" index="0" documentmappingtype="0" documentfiletype="-1" /&gt;&lt;/member&gt;&lt;/param&gt;&lt;/parameters&gt;</paramsmappingxmltag></dotnetactivity></dotnet><webservice /><activityinfo><useadvworkflowrules>0</useadvworkflowrules><seqactivityassignment>0</seqactivityassignment><concuractivityaccess>0</concuractivityaccess><noofusableresourcesreq>0</noofusableresourcesreq><exitcondition></exitcondition><expandgroups>0</expandgroups><noofusableresourcesreqvarid /></activityinfo><categoryid>83FF849E4D0249D0A574CD6A79A600D8</categoryid><poolid>0</poolid><activityruntimesettings>0</activityruntimesettings><activityragamberthreshold>0</activityragamberthreshold><activityragredthreshold>0</activityragredthreshold><activityragblackthreshold>0</activityragblackthreshold><activityragpurplethreshold>0</activityragpurplethreshold><form /><xmldata /><dataaccess /><getresourceinfo /><jobvariableinfo /><baminfo /><bpescalations /><preconditionslist /><preconditiontext></preconditiontext><startmethod>Method1</startmethod><classnamespace>MyNamespace.Class1</classnamespace><resetlimit>-1</resetlimit><activitytimedoutaction>0</activitytimedoutaction><suspendreasontext></suspendreasontext><suspendreasonvarid></suspendreasonvarid></activitydata></node><node><nodetype>6</nodetype><nodedata><processid>B6D9FB6BA61D400D8BA5A83EF840CA56</processid><version>5.000000</version><nodeid>5</nodeid><isstartnode>0</isstartnode><nodetype>6</nodetype><designtimetype>0</designtimetype><activationprobability>100</activationprobability><embeddedname></embeddedname><state /><statescope>0</statescope><activitymilestone /><activitymilestonescope>0</activitymilestonescope><activitypendmilestone></activitypendmilestone><activitypendmilestonescope>0</activitypendmilestonescope><activitydonemilestone></activitydonemilestone><activitydonemilestonescope>0</activitydonemilestonescope><nodependevent /><nodependeventscope>0</nodependeventscope><nodedoneevent /><nodedoneeventscope>0</nodedoneeventscope><titleposno>5</titleposno><embeddedproccount>0</embeddedproccount><iscustomnode>0</iscustomnode><designtimesettings>&lt;designtimesettings&gt;&lt;xposition&gt;684&lt;/xposition&gt;&lt;yposition&gt;392&lt;/yposition&gt;&lt;width&gt;30&lt;/width&gt;&lt;height&gt;30&lt;/height&gt;&lt;inheritcolorfromsystem&gt;True&lt;/inheritcolorfromsystem&gt;&lt;colour&gt;#FF9B0000&lt;/colour&gt;&lt;eventtype&gt;Default&lt;/eventtype&gt;&lt;name&gt;End&lt;/name&gt;&lt;textposition&gt;Top&lt;/textposition&gt;&lt;conditionpathdescription /&gt;&lt;lane&gt;&lt;name /&gt;&lt;index&gt;0&lt;/index&gt;&lt;poolid /&gt;&lt;height&gt;0&lt;/height&gt;&lt;/lane&gt;&lt;annotations /&gt;&lt;attachments /&gt;&lt;/designtimesettings&gt;</designtimesettings><attachments></attachments><annotations></annotations><dependants /><destinationnodes /><originnodes><originnode><nodeid>4</nodeid><nodetype>6</nodetype></originnode></originnodes><branchingrules /><runtimesettings>0</runtimesettings></nodedata></node></nodelist><documentprocessrulecollection /></processmap></processmaps>