<?xml version="1.0" encoding="utf-16"?>
<ArrayOfCategory xmlns:xsd="http://www.w3.org/2001/XMLSchema" xmlns:xsi="http://www.w3.org/2001/XMLSchema-instance">
  <Category>
    <Identity>
      <Id>83FF849E4D0249D0A574CD6A79A600D8</Id>
      <AutomaticallyPopulate>true</AutomaticallyPopulate>
      <Name>Azure Blob Storage</Name>
      <Description />
    </Identity>
    <Description />
    <ResourceAccessList>
      <ResourceAccess>
        <ResourceIdentity>
          <Id>7DF43CCDF24611D2804B00104B71BD15</Id>
          <AutomaticallyPopulate>true</AutomaticallyPopulate>
          <Name>Everyone</Name>
          <ResourceType>GroupOfWorkers</ResourceType>
          <EmailAddress />
          <UserId />
          <ManagerialLevel>0</ManagerialLevel>
        </ResourceIdentity>
        <AccessType>MaintenanceAccess</AccessType>
        <PermissionType>FullControl</PermissionType>
      </ResourceAccess>
    </ResourceAccessList>
    <LastModifiedDate>2024-03-01T15:00:45.357</LastModifiedDate>
    <LastModifiedUser>2C90EEF0FEC5474AA18CFC3B931EDF1B</LastModifiedUser>
    <LastModifiedUserName>Tom Coppock</LastModifiedUserName>
  </Category>
</ArrayOfCategory>