<?xml version="1.0" encoding="utf-16"?>
<ArrayOfVariable xmlns:xsd="http://www.w3.org/2001/XMLSchema" xmlns:xsi="http://www.w3.org/2001/XMLSchema-instance">
  <Variable>
    <VariableType>System</VariableType>
    <Value xsi:type="xsd:string" />
    <Identity>
      <Id>SPP_SYSTEM_SESSION_ID</Id>
      <Version>0</Version>
      <OwnerId />
      <DisplayName>SPP_SYSTEM_SESSION_ID</DisplayName>
      <Name />
    </Identity>
    <Dynamic>true</Dynamic>
    <Category>
      <Id>FBCB88103B4D414FAE8E38058F46CCF4</Id>
      <AutomaticallyPopulate>true</AutomaticallyPopulate>
      <Name />
      <Description />
    </Category>
    <Grouping>
      <Identity>
        <Id>4FEE4E069417475DAC5D2C2E5C95CA49</Id>
      </Identity>
      <Variables />
    </Grouping>
    <UseInSkin>false</UseInSkin>
    <Found>false</Found>
    <IsSecure>false</IsSecure>
    <VariableScope>Process</VariableScope>
    <IsDateExpression>false</IsDateExpression>
    <DerivedExpression />
    <ErrorCodeMappingType>Static</ErrorCodeMappingType>
    <VariableDisplayProperties>
      <VariableIdentity>
        <Id />
        <Version>0</Version>
        <OwnerId />
        <DisplayName />
        <Name />
      </VariableIdentity>
      <StringVariableDisplayProperties>
        <VariableControlType>Singleline</VariableControlType>
        <MaxNumberOfCharacters>0</MaxNumberOfCharacters>
        <LookupIdentity />
        <StaticData />
        <Mandatory>false</Mandatory>
      </StringVariableDisplayProperties>
      <MinDate xsi:nil="true" />
      <MaxDate xsi:nil="true" />
      <DecimalPrecision>0</DecimalPrecision>
      <ShowTime>false</ShowTime>
    </VariableDisplayProperties>
    <VariableAccessScope>Public</VariableAccessScope>
    <IsResourceExpression>false</IsResourceExpression>
    <IsDataObjectField>false</IsDataObjectField>
    <IsDataObjectFieldOfTypeObject>false</IsDataObjectFieldOfTypeObject>
    <BaseVariableType>System</BaseVariableType>
    <BaseVariableId />
  </Variable>
  <Variable>
    <VariableType>String</VariableType>
    <Value xsi:type="xsd:string" />
    <Identity>
      <Id>AZURE_STORAGE_ACCOUNT_KEY</Id>
      <Version>0</Version>
      <OwnerId />
      <DisplayName>azure_storage_account_key</DisplayName>
      <Name />
    </Identity>
    <Dynamic>false</Dynamic>
    <Category>
      <Id>83FF849E4D0249D0A574CD6A79A600D8</Id>
      <AutomaticallyPopulate>true</AutomaticallyPopulate>
      <Name />
      <Description />
    </Category>
    <Grouping>
      <Identity>
        <Id>4FEE4E069417475DAC5D2C2E5C95CA49</Id>
      </Identity>
      <Variables />
    </Grouping>
    <UseInSkin>false</UseInSkin>
    <Found>false</Found>
    <IsSecure>true</IsSecure>
    <VariableScope>Process</VariableScope>
    <IsDateExpression>false</IsDateExpression>
    <DerivedExpression />
    <ErrorCodeMappingType>Static</ErrorCodeMappingType>
    <VariableDisplayProperties>
      <VariableIdentity>
        <Id />
        <Version>0</Version>
        <OwnerId />
        <DisplayName />
        <Name />
      </VariableIdentity>
      <StringVariableDisplayProperties>
        <VariableControlType>Singleline</VariableControlType>
        <MaxNumberOfCharacters>0</MaxNumberOfCharacters>
        <LookupIdentity />
        <StaticData />
        <Mandatory>false</Mandatory>
      </StringVariableDisplayProperties>
      <MinDate xsi:nil="true" />
      <MaxDate xsi:nil="true" />
      <DecimalPrecision>0</DecimalPrecision>
      <ShowTime>false</ShowTime>
    </VariableDisplayProperties>
    <VariableAccessScope>Public</VariableAccessScope>
    <IsResourceExpression>false</IsResourceExpression>
    <IsDataObjectField>false</IsDataObjectField>
    <IsDataObjectFieldOfTypeObject>false</IsDataObjectFieldOfTypeObject>
    <BaseVariableType>String</BaseVariableType>
    <BaseVariableId />
  </Variable>
  <Variable>
    <VariableType>String</VariableType>
    <Value xsi:type="xsd:string">sewstorage</Value>
    <Identity>
      <Id>AZURE_STORAGE_ACCOUNT_NAME</Id>
      <Version>0</Version>
      <OwnerId />
      <DisplayName>azure_storage_account_name</DisplayName>
      <Name />
    </Identity>
    <Dynamic>false</Dynamic>
    <Category>
      <Id>83FF849E4D0249D0A574CD6A79A600D8</Id>
      <AutomaticallyPopulate>true</AutomaticallyPopulate>
      <Name />
      <Description />
    </Category>
    <Grouping>
      <Identity>
        <Id>4FEE4E069417475DAC5D2C2E5C95CA49</Id>
      </Identity>
      <Variables />
    </Grouping>
    <UseInSkin>false</UseInSkin>
    <Found>false</Found>
    <IsSecure>false</IsSecure>
    <VariableScope>Process</VariableScope>
    <IsDateExpression>false</IsDateExpression>
    <DerivedExpression />
    <ErrorCodeMappingType>Static</ErrorCodeMappingType>
    <VariableDisplayProperties>
      <VariableIdentity>
        <Id />
        <Version>0</Version>
        <OwnerId />
        <DisplayName />
        <Name />
      </VariableIdentity>
      <StringVariableDisplayProperties>
        <VariableControlType>Singleline</VariableControlType>
        <MaxNumberOfCharacters>0</MaxNumberOfCharacters>
        <LookupIdentity />
        <StaticData />
        <Mandatory>false</Mandatory>
      </StringVariableDisplayProperties>
      <MinDate xsi:nil="true" />
      <MaxDate xsi:nil="true" />
      <DecimalPrecision>0</DecimalPrecision>
      <ShowTime>false</ShowTime>
    </VariableDisplayProperties>
    <VariableAccessScope>Public</VariableAccessScope>
    <IsResourceExpression>false</IsResourceExpression>
    <IsDataObjectField>false</IsDataObjectField>
    <IsDataObjectFieldOfTypeObject>false</IsDataObjectFieldOfTypeObject>
    <BaseVariableType>String</BaseVariableType>
    <BaseVariableId />
  </Variable>
  <Variable>
    <VariableType>String</VariableType>
    <Value xsi:type="xsd:string" />
    <Identity>
      <Id>FUNCTION_CODE</Id>
      <Version>0</Version>
      <OwnerId />
      <DisplayName>function_code</DisplayName>
      <Name />
    </Identity>
    <Dynamic>false</Dynamic>
    <Category>
      <Id>83FF849E4D0249D0A574CD6A79A600D8</Id>
      <AutomaticallyPopulate>true</AutomaticallyPopulate>
      <Name />
      <Description />
    </Category>
    <Grouping>
      <Identity>
        <Id>4FEE4E069417475DAC5D2C2E5C95CA49</Id>
      </Identity>
      <Variables />
    </Grouping>
    <UseInSkin>false</UseInSkin>
    <Found>false</Found>
    <IsSecure>true</IsSecure>
    <VariableScope>Process</VariableScope>
    <IsDateExpression>false</IsDateExpression>
    <DerivedExpression />
    <ErrorCodeMappingType>Static</ErrorCodeMappingType>
    <VariableDisplayProperties>
      <VariableIdentity>
        <Id />
        <Version>0</Version>
        <OwnerId />
        <DisplayName />
        <Name />
      </VariableIdentity>
      <StringVariableDisplayProperties>
        <VariableControlType>Singleline</VariableControlType>
        <MaxNumberOfCharacters>0</MaxNumberOfCharacters>
        <LookupIdentity />
        <StaticData />
        <Mandatory>false</Mandatory>
      </StringVariableDisplayProperties>
      <MinDate xsi:nil="true" />
      <MaxDate xsi:nil="true" />
      <DecimalPrecision>0</DecimalPrecision>
      <ShowTime>false</ShowTime>
    </VariableDisplayProperties>
    <VariableAccessScope>Public</VariableAccessScope>
    <IsResourceExpression>false</IsResourceExpression>
    <IsDataObjectField>false</IsDataObjectField>
    <IsDataObjectFieldOfTypeObject>false</IsDataObjectFieldOfTypeObject>
    <BaseVariableType>String</BaseVariableType>
    <BaseVariableId />
  </Variable>
</ArrayOfVariable>