<?xml version="1.0" encoding="utf-16"?>
<ArrayOfThreadPool xmlns:xsd="http://www.w3.org/2001/XMLSchema" xmlns:xsi="http://www.w3.org/2001/XMLSchema-instance">
  <ThreadPool>
    <Identity>
      <Id>0</Id>
      <Name>Standard-Threadpool</Name>
    </Identity>
    <Size>16</Size>
    <Max>0</Max>
    <Min>0</Min>
    <Urgency>1</Urgency>
    <ThreadPoolType>0</ThreadPoolType>
  </ThreadPool>
  <ThreadPool>
    <Identity>
      <Id>2</Id>
      <Name>Pool de thread par défaut</Name>
    </Identity>
    <Size>16</Size>
    <Max>0</Max>
    <Min>0</Min>
    <Urgency>1</Urgency>
    <ThreadPoolType>0</ThreadPoolType>
  </ThreadPool>
</ArrayOfThreadPool>